{"success": true, "datalist":[
{"CloseDate":null,"Open":null,"High":null,"Low":null,"Close":null,"Volume":null,"AdjClose":null,"Chg":null,"ChgPct":null,"ID":"201112","YearMonth":"201112","grouper":"December   (Max: 12294 \/ Min: 11766.26 )","PARENT_ID":null}
,{"CloseDate":null,"Open":null,"High":null,"Low":null,"Close":null,"Volume":null,"AdjClose":null,"Chg":null,"ChgPct":null,"ID":"201201","YearMonth":"201201","grouper":"January   (Max: 12758.85 \/ Min: 12359.92 )","PARENT_ID":null}
,{"CloseDate":null,"Open":null,"High":null,"Low":null,"Close":null,"Volume":null,"AdjClose":null,"Chg":null,"ChgPct":null,"ID":"201202","YearMonth":"201202","grouper":"February   (Max: 13005.12 \/ Min: 12705.41 )","PARENT_ID":null}
,{"CloseDate":null,"Open":null,"High":null,"Low":null,"Close":null,"Volume":null,"AdjClose":null,"Chg":null,"ChgPct":null,"ID":"201203","YearMonth":"201203","grouper":"March   (Max: 13252.76 \/ Min: 12759.15 )","PARENT_ID":null}
,{"CloseDate":null,"Open":null,"High":null,"Low":null,"Close":null,"Volume":null,"AdjClose":null,"Chg":null,"ChgPct":null,"ID":"201204","YearMonth":"201204","grouper":"April   (Max: 13264.49 \/ Min: 12715.93 )","PARENT_ID":null}
,{"CloseDate":null,"Open":null,"High":null,"Low":null,"Close":null,"Volume":null,"AdjClose":null,"Chg":null,"ChgPct":null,"ID":"201205","YearMonth":"201205","grouper":"May   (Max: 13279.32 \/ Min: 12369.38 )","PARENT_ID":null}
,{"CloseDate":null,"Open":null,"High":null,"Low":null,"Close":null,"Volume":null,"AdjClose":null,"Chg":null,"ChgPct":null,"ID":"201206","YearMonth":"201206","grouper":"June   (Max: 12880.09 \/ Min: 12101.46 )","PARENT_ID":null}
,{"CloseDate":null,"Open":null,"High":null,"Low":null,"Close":null,"Volume":null,"AdjClose":null,"Chg":null,"ChgPct":null,"ID":"201207","YearMonth":"201207","grouper":"July   (Max: 13075.66 \/ Min: 12573.27 )","PARENT_ID":null}
,{"CloseDate":null,"Open":null,"High":null,"Low":null,"Close":null,"Volume":null,"AdjClose":null,"Chg":null,"ChgPct":null,"ID":"201208","YearMonth":"201208","grouper":"August   (Max: 13275.2 \/ Min: 12878.88 )","PARENT_ID":null}
,{"CloseDate":null,"Open":null,"High":null,"Low":null,"Close":null,"Volume":null,"AdjClose":null,"Chg":null,"ChgPct":null,"ID":"201209","YearMonth":"201209","grouper":"September   (Max: 13596.93 \/ Min: 13035.94 )","PARENT_ID":null}
,{"CloseDate":null,"Open":null,"High":null,"Low":null,"Close":null,"Volume":null,"AdjClose":null,"Chg":null,"ChgPct":null,"ID":"201210","YearMonth":"201210","grouper":"October   (Max: 13610.15 \/ Min: 13077.34 )","PARENT_ID":null}
,{"CloseDate":null,"Open":null,"High":null,"Low":null,"Close":null,"Volume":null,"AdjClose":null,"Chg":null,"ChgPct":null,"ID":"201211","YearMonth":"201211","grouper":"November   (Max: 13245.68 \/ Min: 12542.38 )","PARENT_ID":null}
,{"CloseDate":null,"Open":null,"High":null,"Low":null,"Close":null,"Volume":null,"AdjClose":null,"Chg":null,"ChgPct":null,"ID":"201212","YearMonth":"201212","grouper":"December   (Max: 13350.96 \/ Min: 12938.11 )","PARENT_ID":null}
,{"CloseDate":"1\/10\/2012","Open":"12394.51","High":"12514.69","Low":"12394.51","Close":"12462.47","Volume":"1412300","AdjClose":"12462.47","Chg":"69.7799999999988","ChgPct":"0.563073876615963","ID":"44","YearMonth":"201201","grouper":"January   (Max: 12758.85 \/ Min: 12359.92 )","PARENT_ID":"201201"}
,{"CloseDate":"1\/11\/2012","Open":"12459.52","High":"12462.58","Low":"12399.01","Close":"12449.45","Volume":"1302600","AdjClose":"12449.45","Chg":"-13.0199999999986","ChgPct":"-0.104473671752057","ID":"43","YearMonth":"201201","grouper":"January   (Max: 12758.85 \/ Min: 12359.92 )","PARENT_ID":"201201"}
,{"CloseDate":"1\/12\/2012","Open":"12449.91","High":"12483.7","Low":"12385.08","Close":"12471.02","Volume":"1282300","AdjClose":"12471.02","Chg":"21.5699999999997","ChgPct":"0.173260666133843","ID":"42","YearMonth":"201201","grouper":"January   (Max: 12758.85 \/ Min: 12359.92 )","PARENT_ID":"201201"}
,{"CloseDate":"1\/13\/2012","Open":"12469.96","High":"12470.12","Low":"12311.79","Close":"12422.06","Volume":"1614700","AdjClose":"12422.06","Chg":"-48.9600000000009","ChgPct":"-0.392590181075814","ID":"41","YearMonth":"201201","grouper":"January   (Max: 12758.85 \/ Min: 12359.92 )","PARENT_ID":"201201"}
,{"CloseDate":"1\/17\/2012","Open":"12423.12","High":"12573.65","Low":"12423.12","Close":"12482.07","Volume":"1486700","AdjClose":"12482.07","Chg":"60.0100000000002","ChgPct":"0.483092176337904","ID":"40","YearMonth":"201201","grouper":"January   (Max: 12758.85 \/ Min: 12359.92 )","PARENT_ID":"201201"}
,{"CloseDate":"1\/18\/2012","Open":"12474.69","High":"12582.28","Low":"12453.2","Close":"12578.95","Volume":"1541700","AdjClose":"12578.95","Chg":"96.880000000001","ChgPct":"0.77615331431406","ID":"39","YearMonth":"201201","grouper":"January   (Max: 12758.85 \/ Min: 12359.92 )","PARENT_ID":"201201"}
,{"CloseDate":"1\/19\/2012","Open":"12578.19","High":"12625.8","Low":"12563.58","Close":"12623.98","Volume":"1480300","AdjClose":"12623.98","Chg":"45.0299999999988","ChgPct":"0.357979004606894","ID":"38","YearMonth":"201201","grouper":"January   (Max: 12758.85 \/ Min: 12359.92 )","PARENT_ID":"201201"}
,{"CloseDate":"1\/20\/2012","Open":"12623.83","High":"12720.48","Low":"12620.76","Close":"12720.48","Volume":"2551100","AdjClose":"12720.48","Chg":"96.5","ChgPct":"0.764418194578889","ID":"37","YearMonth":"201201","grouper":"January   (Max: 12758.85 \/ Min: 12359.92 )","PARENT_ID":"201201"}
,{"CloseDate":"1\/23\/2012","Open":"12720.25","High":"12764.49","Low":"12665.83","Close":"12708.82","Volume":"1498600","AdjClose":"12708.82","Chg":"-11.6599999999999","ChgPct":"-9.16632076776966E-02","ID":"36","YearMonth":"201201","grouper":"January   (Max: 12758.85 \/ Min: 12359.92 )","PARENT_ID":"201201"}
,{"CloseDate":"1\/24\/2012","Open":"12708.37","High":"12708.52","Low":"12613.54","Close":"12675.75","Volume":"1254200","AdjClose":"12675.75","Chg":"-33.0699999999997","ChgPct":"-0.260212985942044","ID":"35","YearMonth":"201201","grouper":"January   (Max: 12758.85 \/ Min: 12359.92 )","PARENT_ID":"201201"}
,{"CloseDate":"1\/25\/2012","Open":"12673.63","High":"12778.26","Low":"12580.12","Close":"12758.85","Volume":"1354300","AdjClose":"12758.85","Chg":"83.1000000000004","ChgPct":"0.655582509910659","ID":"34","YearMonth":"201201","grouper":"January   (Max: 12758.85 \/ Min: 12359.92 )","PARENT_ID":"201201"}
,{"CloseDate":"1\/26\/2012","Open":"12756.96","High":"12841.95","Low":"12695.16","Close":"12734.63","Volume":"1308400","AdjClose":"12734.63","Chg":"-24.2200000000012","ChgPct":"-0.189829020640584","ID":"33","YearMonth":"201201","grouper":"January   (Max: 12758.85 \/ Min: 12359.92 )","PARENT_ID":"201201"}
,{"CloseDate":"1\/27\/2012","Open":"12733.95","High":"12733.95","Low":"12630.72","Close":"12660.46","Volume":"1644100","AdjClose":"12660.46","Chg":"-74.1700000000001","ChgPct":"-0.582427600958961","ID":"32","YearMonth":"201201","grouper":"January   (Max: 12758.85 \/ Min: 12359.92 )","PARENT_ID":"201201"}
,{"CloseDate":"1\/3\/2012","Open":"12221.19","High":"12479.65","Low":"12221.19","Close":"12397.38","Volume":"1525600","AdjClose":"12397.38","Chg":"179.82","ChgPct":"1.47181597634879","ID":"49","YearMonth":"201201","grouper":"January   (Max: 12758.85 \/ Min: 12359.92 )","PARENT_ID":"201201"}
,{"CloseDate":"1\/30\/2012","Open":"12659.17","High":"12659.32","Low":"12529.41","Close":"12653.72","Volume":"1304300","AdjClose":"12653.72","Chg":"-6.73999999999978","ChgPct":"-5.32366122557931E-02","ID":"31","YearMonth":"201201","grouper":"January   (Max: 12758.85 \/ Min: 12359.92 )","PARENT_ID":"201201"}
,{"CloseDate":"1\/31\/2012","Open":"12654.78","High":"12720.1","Low":"12567.33","Close":"12632.91","Volume":"1680700","AdjClose":"12632.91","Chg":"-20.8099999999995","ChgPct":"-0.164457566628624","ID":"30","YearMonth":"201201","grouper":"January   (Max: 12758.85 \/ Min: 12359.92 )","PARENT_ID":"201201"}
,{"CloseDate":"1\/4\/2012","Open":"12392.46","High":"12430","Low":"12337.25","Close":"12418.42","Volume":"1451300","AdjClose":"12418.42","Chg":"21.0400000000009","ChgPct":"0.169713278128128","ID":"48","YearMonth":"201201","grouper":"January   (Max: 12758.85 \/ Min: 12359.92 )","PARENT_ID":"201201"}
,{"CloseDate":"1\/5\/2012","Open":"12418.42","High":"12435.98","Low":"12283.9","Close":"12415.7","Volume":"1584400","AdjClose":"12415.7","Chg":"-2.71999999999935","ChgPct":"-2.19029473958792E-02","ID":"47","YearMonth":"201201","grouper":"January   (Max: 12758.85 \/ Min: 12359.92 )","PARENT_ID":"201201"}
,{"CloseDate":"1\/6\/2012","Open":"12407.45","High":"12415.24","Low":"12332.41","Close":"12359.92","Volume":"1311200","AdjClose":"12359.92","Chg":"-55.7800000000007","ChgPct":"-0.449269876044046","ID":"46","YearMonth":"201201","grouper":"January   (Max: 12758.85 \/ Min: 12359.92 )","PARENT_ID":"201201"}
,{"CloseDate":"1\/9\/2012","Open":"12359.31","High":"12409.08","Low":"12333.85","Close":"12392.69","Volume":"1222000","AdjClose":"12392.69","Chg":"32.7700000000004","ChgPct":"0.265131165897517","ID":"45","YearMonth":"201201","grouper":"January   (Max: 12758.85 \/ Min: 12359.92 )","PARENT_ID":"201201"}
,{"CloseDate":"10\/1\/2012","Open":"13437.66","High":"13598.25","Low":"13437.66","Close":"13515.11","Volume":"1061200","AdjClose":"13515.11","Chg":"77.9800000000014","ChgPct":"0.580332258451034","ID":"125","YearMonth":"201210","grouper":"October   (Max: 13610.15 \/ Min: 13077.34 )","PARENT_ID":"201210"}
,{"CloseDate":"10\/10\/2012","Open":"13473.53","High":"13478.83","Low":"13327.62","Close":"13344.97","Volume":"1011200","AdjClose":"13344.97","Chg":"-128.560000000001","ChgPct":"-0.954167170741456","ID":"118","YearMonth":"201210","grouper":"October   (Max: 13610.15 \/ Min: 13077.34 )","PARENT_ID":"201210"}
,{"CloseDate":"10\/11\/2012","Open":"13346.28","High":"13428.49","Low":"13326.12","Close":"13326.39","Volume":"866300","AdjClose":"13326.39","Chg":"-18.5799999999999","ChgPct":"-0.139228488336804","ID":"117","YearMonth":"201210","grouper":"October   (Max: 13610.15 \/ Min: 13077.34 )","PARENT_ID":"201210"}
,{"CloseDate":"10\/12\/2012","Open":"13325.62","High":"13401.32","Low":"13296.43","Close":"13328.85","Volume":"1137400","AdjClose":"13328.85","Chg":"2.46000000000095","ChgPct":"1.84596128433953E-02","ID":"116","YearMonth":"201210","grouper":"October   (Max: 13610.15 \/ Min: 13077.34 )","PARENT_ID":"201210"}
,{"CloseDate":"10\/15\/2012","Open":"13329.54","High":"13437.66","Low":"13325.93","Close":"13424.23","Volume":"1148800","AdjClose":"13424.23","Chg":"95.3799999999992","ChgPct":"0.715590617345076","ID":"115","YearMonth":"201210","grouper":"October   (Max: 13610.15 \/ Min: 13077.34 )","PARENT_ID":"201210"}
,{"CloseDate":"10\/16\/2012","Open":"13423.84","High":"13556.37","Low":"13423.76","Close":"13551.78","Volume":"1134500","AdjClose":"13551.78","Chg":"127.550000000001","ChgPct":"0.950147606231427","ID":"114","YearMonth":"201210","grouper":"October   (Max: 13610.15 \/ Min: 13077.34 )","PARENT_ID":"201210"}
,{"CloseDate":"10\/17\/2012","Open":"13539.63","High":"13561.65","Low":"13468.9","Close":"13557","Volume":"1355700","AdjClose":"13557","Chg":"5.21999999999935","ChgPct":"3.85189251891585E-02","ID":"113","YearMonth":"201210","grouper":"October   (Max: 13610.15 \/ Min: 13077.34 )","PARENT_ID":"201210"}
,{"CloseDate":"10\/18\/2012","Open":"13553.24","High":"13588.73","Low":"13510.93","Close":"13548.94","Volume":"1284100","AdjClose":"13548.94","Chg":"-8.05999999999949","ChgPct":"-0.059452681271664","ID":"112","YearMonth":"201210","grouper":"October   (Max: 13610.15 \/ Min: 13077.34 )","PARENT_ID":"201210"}
,{"CloseDate":"10\/19\/2012","Open":"13545.33","High":"13545.49","Low":"13312.22","Close":"13343.51","Volume":"2390800","AdjClose":"13343.51","Chg":"-205.43","ChgPct":"-1.51620717192637","ID":"111","YearMonth":"201210","grouper":"October   (Max: 13610.15 \/ Min: 13077.34 )","PARENT_ID":"201210"}
,{"CloseDate":"10\/2\/2012","Open":"13515.3","High":"13567.06","Low":"13424.92","Close":"13482.36","Volume":"907300","AdjClose":"13482.36","Chg":"-32.75","ChgPct":"-0.242321372153094","ID":"124","YearMonth":"201210","grouper":"October   (Max: 13610.15 \/ Min: 13077.34 )","PARENT_ID":"201210"}
,{"CloseDate":"10\/22\/2012","Open":"13344.28","High":"13368.55","Low":"13235.15","Close":"13345.89","Volume":"1218800","AdjClose":"13345.89","Chg":"2.3799999999992","ChgPct":"1.78363863780909E-02","ID":"110","YearMonth":"201210","grouper":"October   (Max: 13610.15 \/ Min: 13077.34 )","PARENT_ID":"201210"}
,{"CloseDate":"10\/23\/2012","Open":"13344.9","High":"13344.9","Low":"13083.28","Close":"13102.53","Volume":"1222200","AdjClose":"13102.53","Chg":"-243.359999999999","ChgPct":"-1.82348273513418","ID":"109","YearMonth":"201210","grouper":"October   (Max: 13610.15 \/ Min: 13077.34 )","PARENT_ID":"201210"}
,{"CloseDate":"10\/24\/2012","Open":"13103.53","High":"13155.21","Low":"13063.63","Close":"13077.34","Volume":"1106700","AdjClose":"13077.34","Chg":"-25.1900000000005","ChgPct":"-0.192252946568338","ID":"108","YearMonth":"201210","grouper":"October   (Max: 13610.15 \/ Min: 13077.34 )","PARENT_ID":"201210"}
,{"CloseDate":"10\/25\/2012","Open":"13079.64","High":"13214.11","Low":"13017.37","Close":"13103.68","Volume":"1145900","AdjClose":"13103.68","Chg":"26.3400000000001","ChgPct":"0.201417107760448","ID":"107","YearMonth":"201210","grouper":"October   (Max: 13610.15 \/ Min: 13077.34 )","PARENT_ID":"201210"}
,{"CloseDate":"10\/26\/2012","Open":"13104.22","High":"13151.72","Low":"13040.17","Close":"13107.21","Volume":"1346400","AdjClose":"13107.21","Chg":"3.52999999999884","ChgPct":"2.69389972893022E-02","ID":"106","YearMonth":"201210","grouper":"October   (Max: 13610.15 \/ Min: 13077.34 )","PARENT_ID":"201210"}
,{"CloseDate":"10\/3\/2012","Open":"13479.21","High":"13536.27","Low":"13439.12","Close":"13494.61","Volume":"1038900","AdjClose":"13494.61","Chg":"12.25","ChgPct":"9.08594637734046E-02","ID":"123","YearMonth":"201210","grouper":"October   (Max: 13610.15 \/ Min: 13077.34 )","PARENT_ID":"201210"}
,{"CloseDate":"10\/31\/2012","Open":"13107.44","High":"13189.08","Low":"13052.07","Close":"13096.46","Volume":"1381600","AdjClose":"13096.46","Chg":"-10.75","ChgPct":"-8.20159286377498E-02","ID":"105","YearMonth":"201210","grouper":"October   (Max: 13610.15 \/ Min: 13077.34 )","PARENT_ID":"201210"}
,{"CloseDate":"10\/4\/2012","Open":"13495.18","High":"13594.33","Low":"13495.18","Close":"13575.36","Volume":"1063900","AdjClose":"13575.36","Chg":"80.75","ChgPct":"0.598387059722363","ID":"122","YearMonth":"201210","grouper":"October   (Max: 13610.15 \/ Min: 13077.34 )","PARENT_ID":"201210"}
,{"CloseDate":"10\/5\/2012","Open":"13569.18","High":"13661.87","Low":"13568.75","Close":"13610.15","Volume":"1155000","AdjClose":"13610.15","Chg":"34.7899999999991","ChgPct":"0.256273130141661","ID":"121","YearMonth":"201210","grouper":"October   (Max: 13610.15 \/ Min: 13077.34 )","PARENT_ID":"201210"}
,{"CloseDate":"10\/8\/2012","Open":"13589.26","High":"13610.38","Low":"13552.09","Close":"13583.65","Volume":"713000","AdjClose":"13583.65","Chg":"-26.5","ChgPct":"-0.194707626293612","ID":"120","YearMonth":"201210","grouper":"October   (Max: 13610.15 \/ Min: 13077.34 )","PARENT_ID":"201210"}
,{"CloseDate":"10\/9\/2012","Open":"13582.88","High":"13592.33","Low":"13473.31","Close":"13473.53","Volume":"1036300","AdjClose":"13473.53","Chg":"-110.119999999999","ChgPct":"-0.810680487203358","ID":"119","YearMonth":"201210","grouper":"October   (Max: 13610.15 \/ Min: 13077.34 )","PARENT_ID":"201210"}
,{"CloseDate":"11\/1\/2012","Open":"13099.19","High":"13273.71","Low":"13099.11","Close":"13232.62","Volume":"1405100","AdjClose":"13232.62","Chg":"136.160000000002","ChgPct":"1.03967026204029","ID":"104","YearMonth":"201211","grouper":"November   (Max: 13245.68 \/ Min: 12542.38 )","PARENT_ID":"201211"}
,{"CloseDate":"11\/12\/2012","Open":"12815.93","High":"12861.28","Low":"12783","Close":"12815.08","Volume":"623600","AdjClose":"12815.08","Chg":"-0.309999999999491","ChgPct":"-2.41896657065833E-03","ID":"97","YearMonth":"201211","grouper":"November   (Max: 13245.68 \/ Min: 12542.38 )","PARENT_ID":"201211"}
,{"CloseDate":"11\/13\/2012","Open":"12808.71","High":"12898.25","Low":"12748.51","Close":"12756.18","Volume":"1422000","AdjClose":"12756.18","Chg":"-58.8999999999996","ChgPct":"-0.459614766353387","ID":"96","YearMonth":"201211","grouper":"November   (Max: 13245.68 \/ Min: 12542.38 )","PARENT_ID":"201211"}
,{"CloseDate":"11\/14\/2012","Open":"12746.54","High":"12797.73","Low":"12542.68","Close":"12570.95","Volume":"1621800","AdjClose":"12570.95","Chg":"-185.23","ChgPct":"-1.45208048177432","ID":"95","YearMonth":"201211","grouper":"November   (Max: 13245.68 \/ Min: 12542.38 )","PARENT_ID":"201211"}
,{"CloseDate":"11\/15\/2012","Open":"12571.1","High":"12600.59","Low":"12496.56","Close":"12542.38","Volume":"1291500","AdjClose":"12542.38","Chg":"-28.5700000000015","ChgPct":"-0.227270015392644","ID":"94","YearMonth":"201211","grouper":"November   (Max: 13245.68 \/ Min: 12542.38 )","PARENT_ID":"201211"}
,{"CloseDate":"11\/16\/2012","Open":"12542.31","High":"12604.17","Low":"12471.49","Close":"12588.31","Volume":"1971100","AdjClose":"12588.31","Chg":"45.9300000000003","ChgPct":"0.366198440806293","ID":"93","YearMonth":"201211","grouper":"November   (Max: 13245.68 \/ Min: 12542.38 )","PARENT_ID":"201211"}
,{"CloseDate":"11\/19\/2012","Open":"12590.23","High":"12796.19","Low":"12590.23","Close":"12795.96","Volume":"1369100","AdjClose":"12795.96","Chg":"207.65","ChgPct":"1.64954628540288","ID":"92","YearMonth":"201211","grouper":"November   (Max: 13245.68 \/ Min: 12542.38 )","PARENT_ID":"201211"}
,{"CloseDate":"11\/2\/2012","Open":"13232.62","High":"13289.45","Low":"13076.57","Close":"13093.16","Volume":"1376600","AdjClose":"13093.16","Chg":"-139.460000000001","ChgPct":"-1.05391071458261","ID":"103","YearMonth":"201211","grouper":"November   (Max: 13245.68 \/ Min: 12542.38 )","PARENT_ID":"201211"}
,{"CloseDate":"11\/20\/2012","Open":"12790.89","High":"12808.56","Low":"12701.07","Close":"12788.51","Volume":"1341600","AdjClose":"12788.51","Chg":"-7.44999999999891","ChgPct":"-5.82215011612955E-02","ID":"91","YearMonth":"201211","grouper":"November   (Max: 13245.68 \/ Min: 12542.38 )","PARENT_ID":"201211"}
,{"CloseDate":"11\/21\/2012","Open":"12788.36","High":"12845.99","Low":"12786.13","Close":"12836.89","Volume":"973000","AdjClose":"12836.89","Chg":"48.3799999999992","ChgPct":"0.378308340846582","ID":"90","YearMonth":"201211","grouper":"November   (Max: 13245.68 \/ Min: 12542.38 )","PARENT_ID":"201211"}
,{"CloseDate":"11\/23\/2012","Open":"12833.13","High":"13011.45","Low":"12832.98","Close":"13009.53","Volume":"611100","AdjClose":"13009.53","Chg":"172.640000000001","ChgPct":"1.34487403101531","ID":"89","YearMonth":"201211","grouper":"November   (Max: 13245.68 \/ Min: 12542.38 )","PARENT_ID":"201211"}
,{"CloseDate":"11\/26\/2012","Open":"13008.45","High":"13008.45","Low":"12900.17","Close":"12967.37","Volume":"1143600","AdjClose":"12967.37","Chg":"-42.1599999999999","ChgPct":"-0.324070123978344","ID":"88","YearMonth":"201211","grouper":"November   (Max: 13245.68 \/ Min: 12542.38 )","PARENT_ID":"201211"}
,{"CloseDate":"11\/27\/2012","Open":"12963.38","High":"12980.19","Low":"12868.26","Close":"12878.13","Volume":"1179000","AdjClose":"12878.13","Chg":"-89.2400000000016","ChgPct":"-0.688188892581931","ID":"87","YearMonth":"201211","grouper":"November   (Max: 13245.68 \/ Min: 12542.38 )","PARENT_ID":"201211"}
,{"CloseDate":"11\/28\/2012","Open":"12875.56","High":"12989.1","Low":"12765.32","Close":"12985.11","Volume":"1310000","AdjClose":"12985.11","Chg":"106.980000000001","ChgPct":"0.830710669949763","ID":"86","YearMonth":"201211","grouper":"November   (Max: 13245.68 \/ Min: 12542.38 )","PARENT_ID":"201211"}
,{"CloseDate":"11\/29\/2012","Open":"12977.35","High":"13062.56","Low":"12961.92","Close":"13021.82","Volume":"1136200","AdjClose":"13021.82","Chg":"36.7099999999991","ChgPct":"0.282708425265547","ID":"85","YearMonth":"201211","grouper":"November   (Max: 13245.68 \/ Min: 12542.38 )","PARENT_ID":"201211"}
,{"CloseDate":"11\/30\/2012","Open":"13022.05","High":"13053.74","Low":"12988.68","Close":"13025.58","Volume":"1710700","AdjClose":"13025.58","Chg":"3.76000000000022","ChgPct":"0.028874611997403","ID":"84","YearMonth":"201211","grouper":"November   (Max: 13245.68 \/ Min: 12542.38 )","PARENT_ID":"201211"}
,{"CloseDate":"11\/5\/2012","Open":"13092.28","High":"13140.58","Low":"13038.71","Close":"13112.44","Volume":"953500","AdjClose":"13112.44","Chg":"19.2800000000007","ChgPct":"0.147252458535607","ID":"102","YearMonth":"201211","grouper":"November   (Max: 13245.68 \/ Min: 12542.38 )","PARENT_ID":"201211"}
,{"CloseDate":"11\/6\/2012","Open":"13112.9","High":"13290.75","Low":"13112.9","Close":"13245.68","Volume":"1057100","AdjClose":"13245.68","Chg":"133.24","ChgPct":"1.01613429689669","ID":"101","YearMonth":"201211","grouper":"November   (Max: 13245.68 \/ Min: 12542.38 )","PARENT_ID":"201211"}
,{"CloseDate":"11\/7\/2012","Open":"13228.24","High":"13228.32","Low":"12876.6","Close":"12932.73","Volume":"1642500","AdjClose":"12932.73","Chg":"-312.950000000001","ChgPct":"-2.36265710782686","ID":"100","YearMonth":"201211","grouper":"November   (Max: 13245.68 \/ Min: 12542.38 )","PARENT_ID":"201211"}
,{"CloseDate":"11\/8\/2012","Open":"12932.81","High":"12980.23","Low":"12811.24","Close":"12811.32","Volume":"1383500","AdjClose":"12811.32","Chg":"-121.41","ChgPct":"-0.938780907047467","ID":"99","YearMonth":"201211","grouper":"November   (Max: 13245.68 \/ Min: 12542.38 )","PARENT_ID":"201211"}
,{"CloseDate":"11\/9\/2012","Open":"12811.17","High":"12890.19","Low":"12743.39","Close":"12815.39","Volume":"1316700","AdjClose":"12815.39","Chg":"4.06999999999971","ChgPct":"3.17687794856401E-02","ID":"98","YearMonth":"201211","grouper":"November   (Max: 13245.68 \/ Min: 12542.38 )","PARENT_ID":"201211"}
,{"CloseDate":"12\/10\/2012","Open":"13154.89","High":"13195.35","Low":"13139.08","Close":"13169.88","Volume":"1185300","AdjClose":"13169.88","Chg":"14.75","ChgPct":"0.112123559402302","ID":"78","YearMonth":"201212","grouper":"December   (Max: 13350.96 \/ Min: 12938.11 )","PARENT_ID":"201212"}
,{"CloseDate":"12\/11\/2012","Open":"13170.34","High":"13306.57","Low":"13170.34","Close":"13248.44","Volume":"1245100","AdjClose":"13248.44","Chg":"78.5600000000013","ChgPct":"0.596512648558691","ID":"77","YearMonth":"201212","grouper":"December   (Max: 13350.96 \/ Min: 12938.11 )","PARENT_ID":"201212"}
,{"CloseDate":"12\/12\/2011","Open":"12181.08","High":"12181.38","Low":"11940.86","Close":"12021.39","Volume":"1490500","AdjClose":"12021.39","Chg":"-162.870000000001","ChgPct":"-1.33672459386127","ID":"63","YearMonth":"201112","grouper":"December   (Max: 12294 \/ Min: 11766.26 )","PARENT_ID":"201112"}
,{"CloseDate":"12\/12\/2012","Open":"13250.05","High":"13329.44","Low":"13227.44","Close":"13245.45","Volume":"1275100","AdjClose":"13245.45","Chg":"-2.98999999999978","ChgPct":"-2.25686948803012E-02","ID":"76","YearMonth":"201212","grouper":"December   (Max: 13350.96 \/ Min: 12938.11 )","PARENT_ID":"201212"}
,{"CloseDate":"12\/13\/2011","Open":"12018.66","High":"12147.7","Low":"11904.38","Close":"11954.94","Volume":"1719100","AdjClose":"11954.94","Chg":"-66.4499999999989","ChgPct":"-0.552764696927717","ID":"62","YearMonth":"201112","grouper":"December   (Max: 12294 \/ Min: 11766.26 )","PARENT_ID":"201112"}
,{"CloseDate":"12\/13\/2012","Open":"13241.38","High":"13264.41","Low":"13147.19","Close":"13170.72","Volume":"1011900","AdjClose":"13170.72","Chg":"-74.7300000000014","ChgPct":"-0.564193742001981","ID":"75","YearMonth":"201212","grouper":"December   (Max: 13350.96 \/ Min: 12938.11 )","PARENT_ID":"201212"}
,{"CloseDate":"12\/14\/2011","Open":"11949.72","High":"11950.02","Low":"11786.47","Close":"11823.48","Volume":"1612400","AdjClose":"11823.48","Chg":"-131.460000000001","ChgPct":"-1.09962910729791","ID":"61","YearMonth":"201112","grouper":"December   (Max: 12294 \/ Min: 11766.26 )","PARENT_ID":"201112"}
,{"CloseDate":"12\/14\/2012","Open":"13170.8","High":"13190.41","Low":"13118.46","Close":"13135.01","Volume":"1176200","AdjClose":"13135.01","Chg":"-35.7099999999991","ChgPct":"-0.27113172248745","ID":"74","YearMonth":"201212","grouper":"December   (Max: 13350.96 \/ Min: 12938.11 )","PARENT_ID":"201212"}
,{"CloseDate":"12\/15\/2011","Open":"11825.29","High":"11967.84","Low":"11825.22","Close":"11868.81","Volume":"1369300","AdjClose":"11868.81","Chg":"45.3299999999999","ChgPct":"0.383389661926945","ID":"60","YearMonth":"201112","grouper":"December   (Max: 12294 \/ Min: 11766.26 )","PARENT_ID":"201112"}
,{"CloseDate":"12\/16\/2011","Open":"11870.25","High":"11968.18","Low":"11819.31","Close":"11866.39","Volume":"3895200","AdjClose":"11866.39","Chg":"-2.42000000000007","ChgPct":"-2.03895757030408E-02","ID":"59","YearMonth":"201112","grouper":"December   (Max: 12294 \/ Min: 11766.26 )","PARENT_ID":"201112"}
,{"CloseDate":"12\/17\/2012","Open":"13135.17","High":"13244.33","Low":"13134.63","Close":"13235.39","Volume":"1429800","AdjClose":"13235.39","Chg":"100.379999999999","ChgPct":"0.764217157048218","ID":"73","YearMonth":"201212","grouper":"December   (Max: 13350.96 \/ Min: 12938.11 )","PARENT_ID":"201212"}
,{"CloseDate":"12\/18\/2012","Open":"13236.61","High":"13365.86","Low":"13232.58","Close":"13350.96","Volume":"1529200","AdjClose":"13350.96","Chg":"115.57","ChgPct":"0.873189229784689","ID":"72","YearMonth":"201212","grouper":"December   (Max: 13350.96 \/ Min: 12938.11 )","PARENT_ID":"201212"}
,{"CloseDate":"12\/19\/2011","Open":"11866.54","High":"11925.88","Low":"11735.19","Close":"11766.26","Volume":"1351700","AdjClose":"11766.26","Chg":"-100.129999999999","ChgPct":"-0.843811807971921","ID":"58","YearMonth":"201112","grouper":"December   (Max: 12294 \/ Min: 11766.26 )","PARENT_ID":"201112"}
,{"CloseDate":"12\/19\/2012","Open":"13351.04","High":"13357.7","Low":"13251.74","Close":"13251.97","Volume":"1490200","AdjClose":"13251.97","Chg":"-98.9899999999998","ChgPct":"-0.74144480996123","ID":"71","YearMonth":"201212","grouper":"December   (Max: 13350.96 \/ Min: 12938.11 )","PARENT_ID":"201212"}
,{"CloseDate":"12\/20\/2011","Open":"11769.21","High":"12117.13","Low":"11768.83","Close":"12103.58","Volume":"1651800","AdjClose":"12103.58","Chg":"337.32","ChgPct":"2.86684129026555","ID":"57","YearMonth":"201112","grouper":"December   (Max: 12294 \/ Min: 11766.26 )","PARENT_ID":"201112"}
,{"CloseDate":"12\/20\/2012","Open":"13246.67","High":"13314.64","Low":"13216.03","Close":"13311.72","Volume":"1198000","AdjClose":"13311.72","Chg":"59.75","ChgPct":"0.450876360269454","ID":"70","YearMonth":"201212","grouper":"December   (Max: 13350.96 \/ Min: 12938.11 )","PARENT_ID":"201212"}
,{"CloseDate":"12\/21\/2011","Open":"12103.58","High":"12119.7","Low":"11999.44","Close":"12107.74","Volume":"1632500","AdjClose":"12107.74","Chg":"4.15999999999985","ChgPct":"3.43699963151386E-02","ID":"56","YearMonth":"201112","grouper":"December   (Max: 12294 \/ Min: 11766.26 )","PARENT_ID":"201112"}
,{"CloseDate":"12\/21\/2012","Open":"13309.95","High":"13309.95","Low":"13122.53","Close":"13190.84","Volume":"4132700","AdjClose":"13190.84","Chg":"-120.879999999999","ChgPct":"-0.908071984687172","ID":"69","YearMonth":"201212","grouper":"December   (Max: 13350.96 \/ Min: 12938.11 )","PARENT_ID":"201212"}
,{"CloseDate":"12\/22\/2011","Open":"12107.59","High":"12182.71","Low":"12107.37","Close":"12169.65","Volume":"1516100","AdjClose":"12169.65","Chg":"61.9099999999999","ChgPct":"0.511325813074941","ID":"55","YearMonth":"201112","grouper":"December   (Max: 12294 \/ Min: 11766.26 )","PARENT_ID":"201112"}
,{"CloseDate":"12\/23\/2011","Open":"12169.88","High":"12297.44","Low":"12169.8","Close":"12294","Volume":"804200","AdjClose":"12294","Chg":"124.35","ChgPct":"1.02180424252136","ID":"54","YearMonth":"201112","grouper":"December   (Max: 12294 \/ Min: 11766.26 )","PARENT_ID":"201112"}
,{"CloseDate":"12\/24\/2012","Open":"13190.15","High":"13190.38","Low":"13128.55","Close":"13138.93","Volume":"477100","AdjClose":"13138.93","Chg":"-51.9099999999999","ChgPct":"-0.393530662186789","ID":"68","YearMonth":"201212","grouper":"December   (Max: 13350.96 \/ Min: 12938.11 )","PARENT_ID":"201212"}
,{"CloseDate":"12\/26\/2012","Open":"13138.85","High":"13174.88","Low":"13076.87","Close":"13114.59","Volume":"794100","AdjClose":"13114.59","Chg":"-24.3400000000001","ChgPct":"-0.18525100597994","ID":"67","YearMonth":"201212","grouper":"December   (Max: 13350.96 \/ Min: 12938.11 )","PARENT_ID":"201212"}
,{"CloseDate":"12\/27\/2011","Open":"12293.47","High":"12328.47","Low":"12269.97","Close":"12291.35","Volume":"959800","AdjClose":"12291.35","Chg":"-2.64999999999964","ChgPct":"-2.15552301935874E-02","ID":"53","YearMonth":"201112","grouper":"December   (Max: 12294 \/ Min: 11766.26 )","PARENT_ID":"201112"}
,{"CloseDate":"12\/27\/2012","Open":"13114.97","High":"13141.74","Low":"12964.08","Close":"13096.31","Volume":"1001600","AdjClose":"13096.31","Chg":"-18.2800000000007","ChgPct":"-0.13938674407664","ID":"66","YearMonth":"201212","grouper":"December   (Max: 13350.96 \/ Min: 12938.11 )","PARENT_ID":"201212"}
,{"CloseDate":"12\/28\/2011","Open":"12288.85","High":"12299.11","Low":"12140.17","Close":"12151.41","Volume":"840100","AdjClose":"12151.41","Chg":"-139.940000000001","ChgPct":"-1.13852424672636","ID":"52","YearMonth":"201112","grouper":"December   (Max: 12294 \/ Min: 11766.26 )","PARENT_ID":"201112"}
,{"CloseDate":"12\/28\/2012","Open":"13095.08","High":"13095.46","Low":"12926.86","Close":"12938.11","Volume":"859800","AdjClose":"12938.11","Chg":"-158.199999999999","ChgPct":"-1.20797384912238","ID":"65","YearMonth":"201212","grouper":"December   (Max: 13350.96 \/ Min: 12938.11 )","PARENT_ID":"201212"}
,{"CloseDate":"12\/29\/2011","Open":"12152.32","High":"12293.96","Low":"12152.09","Close":"12287.04","Volume":"84100","AdjClose":"12287.04","Chg":"135.630000000001","ChgPct":"1.11616676583212","ID":"51","YearMonth":"201112","grouper":"December   (Max: 12294 \/ Min: 11766.26 )","PARENT_ID":"201112"}
,{"CloseDate":"12\/3\/2012","Open":"13027.73","High":"13087.32","Low":"12959.42","Close":"12965.6","Volume":"1129000","AdjClose":"12965.6","Chg":"-59.9799999999996","ChgPct":"-0.46047853531282","ID":"83","YearMonth":"201212","grouper":"December   (Max: 13350.96 \/ Min: 12938.11 )","PARENT_ID":"201212"}
,{"CloseDate":"12\/30\/2011","Open":"12286.28","High":"12290.06","Low":"12213.78","Close":"12217.56","Volume":"966700","AdjClose":"12217.56","Chg":"-69.4800000000014","ChgPct":"-0.565473865145726","ID":"50","YearMonth":"201112","grouper":"December   (Max: 12294 \/ Min: 11766.26 )","PARENT_ID":"201112"}
,{"CloseDate":"12\/4\/2012","Open":"12966.45","High":"13022.51","Low":"12940.07","Close":"12951.78","Volume":"1252900","AdjClose":"12951.78","Chg":"-13.8199999999997","ChgPct":"-0.106589745171837","ID":"82","YearMonth":"201212","grouper":"December   (Max: 13350.96 \/ Min: 12938.11 )","PARENT_ID":"201212"}
,{"CloseDate":"12\/5\/2012","Open":"12948.96","High":"13089.11","Low":"12923.44","Close":"13034.49","Volume":"1612300","AdjClose":"13034.49","Chg":"82.7099999999991","ChgPct":"0.638599482078904","ID":"81","YearMonth":"201212","grouper":"December   (Max: 13350.96 \/ Min: 12938.11 )","PARENT_ID":"201212"}
,{"CloseDate":"12\/6\/2012","Open":"13026.19","High":"13076.88","Low":"13007.84","Close":"13074.04","Volume":"1168500","AdjClose":"13074.04","Chg":"39.5500000000011","ChgPct":"0.303425757356069","ID":"80","YearMonth":"201212","grouper":"December   (Max: 13350.96 \/ Min: 12938.11 )","PARENT_ID":"201212"}
,{"CloseDate":"12\/7\/2012","Open":"13072.87","High":"13157.28","Low":"13072.87","Close":"13155.13","Volume":"1241300","AdjClose":"13155.13","Chg":"81.0899999999983","ChgPct":"0.620236743959773","ID":"79","YearMonth":"201212","grouper":"December   (Max: 13350.96 \/ Min: 12938.11 )","PARENT_ID":"201212"}
,{"CloseDate":"12\/9\/2011","Open":"11996.03","High":"12212.83","Low":"11995.51","Close":"12184.26","Volume":"1542500","AdjClose":"12184.26","Chg":null,"ChgPct":null,"ID":"64","YearMonth":"201112","grouper":"December   (Max: 12294 \/ Min: 11766.26 )","PARENT_ID":"201112"}
,{"CloseDate":"2\/1\/2012","Open":"12632.76","High":"12784.62","Low":"12632.76","Close":"12716.46","Volume":"1435000","AdjClose":"12716.46","Chg":"83.5499999999993","ChgPct":"0.661367808367188","ID":"29","YearMonth":"201202","grouper":"February   (Max: 13005.12 \/ Min: 12705.41 )","PARENT_ID":"201202"}
,{"CloseDate":"2\/10\/2012","Open":"12889.55","High":"12889.63","Low":"12743.56","Close":"12801.23","Volume":"1236200","AdjClose":"12801.23","Chg":"-89.2299999999996","ChgPct":"-0.6922173452305","ID":"22","YearMonth":"201202","grouper":"February   (Max: 13005.12 \/ Min: 12705.41 )","PARENT_ID":"201202"}
,{"CloseDate":"2\/13\/2012","Open":"12799.11","High":"12887.93","Low":"12799.11","Close":"12874.04","Volume":"1122400","AdjClose":"12874.04","Chg":"72.8100000000013","ChgPct":"0.568773469424433","ID":"21","YearMonth":"201202","grouper":"February   (Max: 13005.12 \/ Min: 12705.41 )","PARENT_ID":"201202"}
,{"CloseDate":"2\/14\/2012","Open":"12871.77","High":"12878.88","Low":"12786.93","Close":"12878.28","Volume":"1200500","AdjClose":"12878.28","Chg":"4.23999999999978","ChgPct":"3.29344945331829E-02","ID":"20","YearMonth":"201202","grouper":"February   (Max: 13005.12 \/ Min: 12705.41 )","PARENT_ID":"201202"}
,{"CloseDate":"2\/15\/2012","Open":"12864.65","High":"12899.47","Low":"12753.62","Close":"12780.95","Volume":"1275600","AdjClose":"12780.95","Chg":"-97.3299999999999","ChgPct":"-0.755768627487521","ID":"19","YearMonth":"201202","grouper":"February   (Max: 13005.12 \/ Min: 12705.41 )","PARENT_ID":"201202"}
,{"CloseDate":"2\/16\/2012","Open":"12779.81","High":"12914","Low":"12779.58","Close":"12904.08","Volume":"1344500","AdjClose":"12904.08","Chg":"123.129999999999","ChgPct":"0.9633869156831","ID":"18","YearMonth":"201202","grouper":"February   (Max: 13005.12 \/ Min: 12705.41 )","PARENT_ID":"201202"}
,{"CloseDate":"2\/17\/2012","Open":"12903.33","High":"12967.92","Low":"12903.25","Close":"12949.87","Volume":"2346500","AdjClose":"12949.87","Chg":"45.7900000000009","ChgPct":"0.354849008995611","ID":"17","YearMonth":"201202","grouper":"February   (Max: 13005.12 \/ Min: 12705.41 )","PARENT_ID":"201202"}
,{"CloseDate":"2\/2\/2012","Open":"12716.54","High":"12741.89","Low":"12676.05","Close":"12705.41","Volume":"1143600","AdjClose":"12705.41","Chg":"-11.0499999999993","ChgPct":"-8.68952522950512E-02","ID":"28","YearMonth":"201202","grouper":"February   (Max: 13005.12 \/ Min: 12705.41 )","PARENT_ID":"201202"}
,{"CloseDate":"2\/21\/2012","Open":"12949.34","High":"13005.04","Low":"12926.11","Close":"12965.69","Volume":"1647800","AdjClose":"12965.69","Chg":"15.8199999999997","ChgPct":"0.122163388512778","ID":"16","YearMonth":"201202","grouper":"February   (Max: 13005.12 \/ Min: 12705.41 )","PARENT_ID":"201202"}
,{"CloseDate":"2\/22\/2012","Open":"12966.22","High":"12977.91","Low":"12914.83","Close":"12938.67","Volume":"1242000","AdjClose":"12938.67","Chg":"-27.0200000000004","ChgPct":"-0.208396159402241","ID":"15","YearMonth":"201202","grouper":"February   (Max: 13005.12 \/ Min: 12705.41 )","PARENT_ID":"201202"}
,{"CloseDate":"2\/23\/2012","Open":"12937.08","High":"12996.08","Low":"12882.67","Close":"12984.69","Volume":"1204800","AdjClose":"12984.69","Chg":"46.0200000000004","ChgPct":"0.355677979266806","ID":"14","YearMonth":"201202","grouper":"February   (Max: 13005.12 \/ Min: 12705.41 )","PARENT_ID":"201202"}
,{"CloseDate":"2\/24\/2012","Open":"12981.2","High":"13013.82","Low":"12950.59","Close":"12982.95","Volume":"894400","AdjClose":"12982.95","Chg":"-1.73999999999978","ChgPct":"-0.013400396928997","ID":"13","YearMonth":"201202","grouper":"February   (Max: 13005.12 \/ Min: 12705.41 )","PARENT_ID":"201202"}
,{"CloseDate":"2\/27\/2012","Open":"12981.13","High":"13027.52","Low":"12882.59","Close":"12981.51","Volume":"1435300","AdjClose":"12981.51","Chg":"-1.44000000000051","ChgPct":"-1.10914699663829E-02","ID":"12","YearMonth":"201202","grouper":"February   (Max: 13005.12 \/ Min: 12705.41 )","PARENT_ID":"201202"}
,{"CloseDate":"2\/28\/2012","Open":"12976.74","High":"13021.51","Low":"12952.82","Close":"13005.12","Volume":"1144900","AdjClose":"13005.12","Chg":"23.6100000000006","ChgPct":"0.181874065497778","ID":"11","YearMonth":"201202","grouper":"February   (Max: 13005.12 \/ Min: 12705.41 )","PARENT_ID":"201202"}
,{"CloseDate":"2\/29\/2012","Open":"13005.42","High":"13055.75","Low":"12929.66","Close":"12952.07","Volume":"1824600","AdjClose":"12952.07","Chg":"-53.0500000000011","ChgPct":"-0.407916266824152","ID":"10","YearMonth":"201202","grouper":"February   (Max: 13005.12 \/ Min: 12705.41 )","PARENT_ID":"201202"}
,{"CloseDate":"2\/3\/2012","Open":"12705.04","High":"12869.95","Low":"12704.96","Close":"12862.23","Volume":"1428400","AdjClose":"12862.23","Chg":"156.82","ChgPct":"1.23427736688544","ID":"27","YearMonth":"201202","grouper":"February   (Max: 13005.12 \/ Min: 12705.41 )","PARENT_ID":"201202"}
,{"CloseDate":"2\/6\/2012","Open":"12860.72","High":"12860.79","Low":"12793.43","Close":"12845.13","Volume":"1080400","AdjClose":"12845.13","Chg":"-17.1000000000004","ChgPct":"-0.132947397146532","ID":"26","YearMonth":"201202","grouper":"February   (Max: 13005.12 \/ Min: 12705.41 )","PARENT_ID":"201202"}
,{"CloseDate":"2\/7\/2012","Open":"12844.37","High":"12903.71","Low":"12782.57","Close":"12878.2","Volume":"1161500","AdjClose":"12878.2","Chg":"33.0700000000015","ChgPct":"0.257451656775771","ID":"25","YearMonth":"201202","grouper":"February   (Max: 13005.12 \/ Min: 12705.41 )","PARENT_ID":"201202"}
,{"CloseDate":"2\/8\/2012","Open":"12865.79","High":"12893.64","Low":"12817.69","Close":"12883.95","Volume":"1382500","AdjClose":"12883.95","Chg":"5.75","ChgPct":"4.46490969234831E-02","ID":"24","YearMonth":"201202","grouper":"February   (Max: 13005.12 \/ Min: 12705.41 )","PARENT_ID":"201202"}
,{"CloseDate":"2\/9\/2012","Open":"12884.41","High":"12924.71","Low":"12846.41","Close":"12890.46","Volume":"1570800","AdjClose":"12890.46","Chg":"6.5099999999984","ChgPct":"5.05279824898296E-02","ID":"23","YearMonth":"201202","grouper":"February   (Max: 13005.12 \/ Min: 12705.41 )","PARENT_ID":"201202"}
,{"CloseDate":"3\/1\/2012","Open":"12952.29","High":"13032.67","Low":"12943.06","Close":"12980.3","Volume":"1396700","AdjClose":"12980.3","Chg":"28.2299999999996","ChgPct":"0.217957438463501","ID":"9","YearMonth":"201203","grouper":"March   (Max: 13252.76 \/ Min: 12759.15 )","PARENT_ID":"201203"}
,{"CloseDate":"3\/12\/2012","Open":"12920.58","High":"12976.36","Low":"12919.98","Close":"12959.71","Volume":"1000000","AdjClose":"12959.71","Chg":"37.6899999999987","ChgPct":"0.291672664180977","ID":"2","YearMonth":"201203","grouper":"March   (Max: 13252.76 \/ Min: 12759.15 )","PARENT_ID":"201203"}
,{"CloseDate":"3\/13\/2012","Open":"12953.2","High":"13180.4","Low":"12953.13","Close":"13177.68","Volume":"1631300","AdjClose":"13177.68","Chg":"217.970000000001","ChgPct":"1.68190491916873","ID":"1","YearMonth":"201203","grouper":"March   (Max: 13252.76 \/ Min: 12759.15 )","PARENT_ID":"201203"}
,{"CloseDate":"3\/14\/2012","Open":"13177.15","High":"13221.27","Low":"13166.25","Close":"13194.1","Volume":"1636100","AdjClose":"13194.1","Chg":"16.4200000000001","ChgPct":"0.124604634503191","ID":"264","YearMonth":"201203","grouper":"March   (Max: 13252.76 \/ Min: 12759.15 )","PARENT_ID":"201203"}
,{"CloseDate":"3\/15\/2012","Open":"13192.97","High":"13253.51","Low":"13170.19","Close":"13252.76","Volume":"1616500","AdjClose":"13252.76","Chg":"58.6599999999999","ChgPct":"0.444592658839935","ID":"263","YearMonth":"201203","grouper":"March   (Max: 13252.76 \/ Min: 12759.15 )","PARENT_ID":"201203"}
,{"CloseDate":"3\/16\/2012","Open":"13253.51","High":"13289.08","Low":"13231.45","Close":"13232.62","Volume":"3926200","AdjClose":"13232.62","Chg":"-20.1399999999994","ChgPct":"-0.15196834470706","ID":"262","YearMonth":"201203","grouper":"March   (Max: 13252.76 \/ Min: 12759.15 )","PARENT_ID":"201203"}
,{"CloseDate":"3\/19\/2012","Open":"13231.94","High":"13269.71","Low":"13208.63","Close":"13239.13","Volume":"1471200","AdjClose":"13239.13","Chg":"6.5099999999984","ChgPct":"4.91966065676971E-02","ID":"261","YearMonth":"201203","grouper":"March   (Max: 13252.76 \/ Min: 12759.15 )","PARENT_ID":"201203"}
,{"CloseDate":"3\/2\/2012","Open":"12980.75","High":"12997.51","Low":"12927.77","Close":"12977.57","Volume":"939000","AdjClose":"12977.57","Chg":"-2.72999999999956","ChgPct":"-0.02103187137431","ID":"8","YearMonth":"201203","grouper":"March   (Max: 13252.76 \/ Min: 12759.15 )","PARENT_ID":"201203"}
,{"CloseDate":"3\/20\/2012","Open":"13238.45","High":"13238.45","Low":"13123.38","Close":"13170.19","Volume":"1316600","AdjClose":"13170.19","Chg":"-68.9399999999987","ChgPct":"-0.520729081140518","ID":"260","YearMonth":"201203","grouper":"March   (Max: 13252.76 \/ Min: 12759.15 )","PARENT_ID":"201203"}
,{"CloseDate":"3\/21\/2012","Open":"13170.79","High":"13190.02","Low":"13112.93","Close":"13124.62","Volume":"1248600","AdjClose":"13124.62","Chg":"-45.5699999999997","ChgPct":"-0.34600867565312","ID":"259","YearMonth":"201203","grouper":"March   (Max: 13252.76 \/ Min: 12759.15 )","PARENT_ID":"201203"}
,{"CloseDate":"3\/22\/2012","Open":"13124.4","High":"13124.47","Low":"13017.42","Close":"13046.14","Volume":"1220600","AdjClose":"13046.14","Chg":"-78.4800000000014","ChgPct":"-0.59796016951349","ID":"258","YearMonth":"201203","grouper":"March   (Max: 13252.76 \/ Min: 12759.15 )","PARENT_ID":"201203"}
,{"CloseDate":"3\/23\/2012","Open":"13045.99","High":"13099.91","Low":"13002.77","Close":"13080.73","Volume":"1299300","AdjClose":"13080.73","Chg":"34.5900000000001","ChgPct":"0.265135894601776","ID":"257","YearMonth":"201203","grouper":"March   (Max: 13252.76 \/ Min: 12759.15 )","PARENT_ID":"201203"}
,{"CloseDate":"3\/26\/2012","Open":"13082.62","High":"13243.86","Low":"13082.39","Close":"13241.63","Volume":"1220800","AdjClose":"13241.63","Chg":"160.9","ChgPct":"1.23005367437444","ID":"256","YearMonth":"201203","grouper":"March   (Max: 13252.76 \/ Min: 12759.15 )","PARENT_ID":"201203"}
,{"CloseDate":"3\/27\/2012","Open":"13242.09","High":"13264.98","Low":"13194.33","Close":"13197.73","Volume":"1292800","AdjClose":"13197.73","Chg":"-43.8999999999996","ChgPct":"-0.331530181707234","ID":"255","YearMonth":"201203","grouper":"March   (Max: 13252.76 \/ Min: 12759.15 )","PARENT_ID":"201203"}
,{"CloseDate":"3\/28\/2012","Open":"13195.39","High":"13212.64","Low":"13069.26","Close":"13126.21","Volume":"1415400","AdjClose":"13126.21","Chg":"-71.5200000000004","ChgPct":"-0.541911374152983","ID":"254","YearMonth":"201203","grouper":"March   (Max: 13252.76 \/ Min: 12759.15 )","PARENT_ID":"201203"}
,{"CloseDate":"3\/29\/2012","Open":"13125.99","High":"13151.57","Low":"13032.67","Close":"13145.82","Volume":"1362500","AdjClose":"13145.82","Chg":"19.6100000000006","ChgPct":"0.149395750944108","ID":"253","YearMonth":"201203","grouper":"March   (Max: 13252.76 \/ Min: 12759.15 )","PARENT_ID":"201203"}
,{"CloseDate":"3\/30\/2012","Open":"13147.94","High":"13224.49","Low":"13147.78","Close":"13212.04","Volume":"1711900","AdjClose":"13212.04","Chg":"66.2200000000012","ChgPct":"0.503734266862023","ID":"252","YearMonth":"201203","grouper":"March   (Max: 13252.76 \/ Min: 12759.15 )","PARENT_ID":"201203"}
,{"CloseDate":"3\/5\/2012","Open":"12977.34","High":"12977.34","Low":"12883.91","Close":"12962.81","Volume":"1086300","AdjClose":"12962.81","Chg":"-14.7600000000002","ChgPct":"-0.113734697636","ID":"7","YearMonth":"201203","grouper":"March   (Max: 13252.76 \/ Min: 12759.15 )","PARENT_ID":"201203"}
,{"CloseDate":"3\/6\/2012","Open":"12958.65","High":"12958.73","Low":"12734.86","Close":"12759.15","Volume":"1423300","AdjClose":"12759.15","Chg":"-203.66","ChgPct":"-1.57110996766905","ID":"6","YearMonth":"201203","grouper":"March   (Max: 13252.76 \/ Min: 12759.15 )","PARENT_ID":"201203"}
,{"CloseDate":"3\/7\/2012","Open":"12756.12","High":"12857.73","Low":"12751.51","Close":"12837.33","Volume":"1751100","AdjClose":"12837.33","Chg":"78.1800000000003","ChgPct":"0.612736741867603","ID":"5","YearMonth":"201203","grouper":"March   (Max: 13252.76 \/ Min: 12759.15 )","PARENT_ID":"201203"}
,{"CloseDate":"3\/8\/2012","Open":"12835.53","High":"12937.19","Low":"12835.53","Close":"12907.94","Volume":"1035300","AdjClose":"12907.94","Chg":"70.6100000000006","ChgPct":"0.550036495127886","ID":"4","YearMonth":"201203","grouper":"March   (Max: 13252.76 \/ Min: 12759.15 )","PARENT_ID":"201203"}
,{"CloseDate":"3\/9\/2012","Open":"12908.62","High":"12968.79","Low":"12906.43","Close":"12922.02","Volume":"1032400","AdjClose":"12922.02","Chg":"14.0799999999999","ChgPct":"0.109080147568085","ID":"3","YearMonth":"201203","grouper":"March   (Max: 13252.76 \/ Min: 12759.15 )","PARENT_ID":"201203"}
,{"CloseDate":"4\/10\/2012","Open":"12929.44","High":"12929.59","Low":"12710.56","Close":"12715.93","Volume":"1592900","AdjClose":"12715.93","Chg":"-213.66","ChgPct":"-1.65248859399254","ID":"246","YearMonth":"201204","grouper":"April   (Max: 13264.49 \/ Min: 12715.93 )","PARENT_ID":"201204"}
,{"CloseDate":"4\/11\/2012","Open":"12716.92","High":"12844.82","Low":"12716.92","Close":"12805.39","Volume":"1252100","AdjClose":"12805.39","Chg":"89.4599999999991","ChgPct":"0.703526993306814","ID":"245","YearMonth":"201204","grouper":"April   (Max: 13264.49 \/ Min: 12715.93 )","PARENT_ID":"201204"}
,{"CloseDate":"4\/12\/2012","Open":"12806.45","High":"12986.96","Low":"12806.3","Close":"12986.58","Volume":"1197800","AdjClose":"12986.58","Chg":"181.190000000001","ChgPct":"1.41495104795715","ID":"244","YearMonth":"201204","grouper":"April   (Max: 13264.49 \/ Min: 12715.93 )","PARENT_ID":"201204"}
,{"CloseDate":"4\/13\/2012","Open":"12986.2","High":"12986.35","Low":"12845.28","Close":"12849.59","Volume":"1409900","AdjClose":"12849.59","Chg":"-136.99","ChgPct":"-1.05485816897135","ID":"243","YearMonth":"201204","grouper":"April   (Max: 13264.49 \/ Min: 12715.93 )","PARENT_ID":"201204"}
,{"CloseDate":"4\/16\/2012","Open":"12850.88","High":"12986.77","Low":"12850.8","Close":"12921.41","Volume":"1209900","AdjClose":"12921.41","Chg":"71.8199999999997","ChgPct":"0.55892833934779","ID":"242","YearMonth":"201204","grouper":"April   (Max: 13264.49 \/ Min: 12715.93 )","PARENT_ID":"201204"}
,{"CloseDate":"4\/17\/2012","Open":"12921.79","High":"13131.36","Low":"12921.79","Close":"13115.54","Volume":"1153200","AdjClose":"13115.54","Chg":"194.130000000001","ChgPct":"1.50239021902409","ID":"241","YearMonth":"201204","grouper":"April   (Max: 13264.49 \/ Min: 12715.93 )","PARENT_ID":"201204"}
,{"CloseDate":"4\/18\/2012","Open":"13114.56","High":"13114.56","Low":"13027.49","Close":"13032.75","Volume":"1135200","AdjClose":"13032.75","Chg":"-82.7900000000009","ChgPct":"-0.63123592318731","ID":"240","YearMonth":"201204","grouper":"April   (Max: 13264.49 \/ Min: 12715.93 )","PARENT_ID":"201204"}
,{"CloseDate":"4\/19\/2012","Open":"13028.73","High":"13080.2","Low":"12896.82","Close":"12964.1","Volume":"1398100","AdjClose":"12964.1","Chg":"-68.6499999999996","ChgPct":"-0.526749918474609","ID":"239","YearMonth":"201204","grouper":"April   (Max: 13264.49 \/ Min: 12715.93 )","PARENT_ID":"201204"}
,{"CloseDate":"4\/2\/2012","Open":"13211.36","High":"13297.11","Low":"13153.69","Close":"13264.49","Volume":"1087900","AdjClose":"13264.49","Chg":"52.4499999999989","ChgPct":"0.396986385145662","ID":"251","YearMonth":"201204","grouper":"April   (Max: 13264.49 \/ Min: 12715.93 )","PARENT_ID":"201204"}
,{"CloseDate":"4\/20\/2012","Open":"12964.48","High":"13082.54","Low":"12964.25","Close":"13029.26","Volume":"2120800","AdjClose":"13029.26","Chg":"65.1599999999999","ChgPct":"0.502618770296433","ID":"238","YearMonth":"201204","grouper":"April   (Max: 13264.49 \/ Min: 12715.93 )","PARENT_ID":"201204"}
,{"CloseDate":"4\/23\/2012","Open":"13028.2","High":"13028.2","Low":"12845.58","Close":"12927.17","Volume":"1393700","AdjClose":"12927.17","Chg":"-102.09","ChgPct":"-0.783544115321976","ID":"237","YearMonth":"201204","grouper":"April   (Max: 13264.49 \/ Min: 12715.93 )","PARENT_ID":"201204"}
,{"CloseDate":"4\/24\/2012","Open":"12927.77","High":"13050.3","Low":"12926.49","Close":"13001.56","Volume":"1341100","AdjClose":"13001.56","Chg":"74.3899999999994","ChgPct":"0.575454643204966","ID":"236","YearMonth":"201204","grouper":"April   (Max: 13264.49 \/ Min: 12715.93 )","PARENT_ID":"201204"}
,{"CloseDate":"4\/25\/2012","Open":"12997.69","High":"13105.7","Low":"12993.6","Close":"13090.72","Volume":"1352600","AdjClose":"13090.72","Chg":"89.1599999999999","ChgPct":"0.685763862182691","ID":"235","YearMonth":"201204","grouper":"April   (Max: 13264.49 \/ Min: 12715.93 )","PARENT_ID":"201204"}
,{"CloseDate":"4\/26\/2012","Open":"13090.11","High":"13227.82","Low":"13075.96","Close":"13204.62","Volume":"1075700","AdjClose":"13204.62","Chg":"113.900000000001","ChgPct":"0.870082012295744","ID":"234","YearMonth":"201204","grouper":"April   (Max: 13264.49 \/ Min: 12715.93 )","PARENT_ID":"201204"}
,{"CloseDate":"4\/27\/2012","Open":"13204.7","High":"13266.68","Low":"13192.21","Close":"13228.31","Volume":"1108500","AdjClose":"13228.31","Chg":"23.6899999999987","ChgPct":"0.179406904553093","ID":"233","YearMonth":"201204","grouper":"April   (Max: 13264.49 \/ Min: 12715.93 )","PARENT_ID":"201204"}
,{"CloseDate":"4\/3\/2012","Open":"13258.96","High":"13265.36","Low":"13131.21","Close":"13199.55","Volume":"1239800","AdjClose":"13199.55","Chg":"-64.9400000000005","ChgPct":"-0.489577812641123","ID":"250","YearMonth":"201204","grouper":"April   (Max: 13264.49 \/ Min: 12715.93 )","PARENT_ID":"201204"}
,{"CloseDate":"4\/30\/2012","Open":"13228.31","High":"13228.76","Low":"13176.01","Close":"13213.63","Volume":"1278700","AdjClose":"13213.63","Chg":"-14.6800000000003","ChgPct":"-0.110974115363189","ID":"232","YearMonth":"201204","grouper":"April   (Max: 13264.49 \/ Min: 12715.93 )","PARENT_ID":"201204"}
,{"CloseDate":"4\/4\/2012","Open":"13198.19","High":"13198.19","Low":"13020.86","Close":"13074.75","Volume":"1250000","AdjClose":"13074.75","Chg":"-124.799999999999","ChgPct":"-0.945486777958334","ID":"249","YearMonth":"201204","grouper":"April   (Max: 13264.49 \/ Min: 12715.93 )","PARENT_ID":"201204"}
,{"CloseDate":"4\/5\/2012","Open":"13067.18","High":"13088.11","Low":"13012.46","Close":"13060.14","Volume":"1095300","AdjClose":"13060.14","Chg":"-14.6100000000006","ChgPct":"-0.111742098319284","ID":"248","YearMonth":"201204","grouper":"April   (Max: 13264.49 \/ Min: 12715.93 )","PARENT_ID":"201204"}
,{"CloseDate":"4\/9\/2012","Open":"13057.57","High":"13057.72","Low":"12903.78","Close":"12929.59","Volume":"1055800","AdjClose":"12929.59","Chg":"-130.549999999999","ChgPct":"-0.99960643607189","ID":"247","YearMonth":"201204","grouper":"April   (Max: 13264.49 \/ Min: 12715.93 )","PARENT_ID":"201204"}
,{"CloseDate":"5\/1\/2012","Open":"13214.16","High":"13338.66","Low":"13174.65","Close":"13279.32","Volume":"1234000","AdjClose":"13279.32","Chg":"65.6900000000005","ChgPct":"0.497138182316294","ID":"231","YearMonth":"201205","grouper":"May   (Max: 13279.32 \/ Min: 12369.38 )","PARENT_ID":"201205"}
,{"CloseDate":"5\/10\/2012","Open":"12831.58","High":"12931.71","Low":"12820.3","Close":"12855.04","Volume":"1516500","AdjClose":"12855.04","Chg":"19.9800000000014","ChgPct":"0.155667367351624","ID":"224","YearMonth":"201205","grouper":"May   (Max: 13279.32 \/ Min: 12369.38 )","PARENT_ID":"201205"}
,{"CloseDate":"5\/11\/2012","Open":"12851.79","High":"12918.01","Low":"12779.28","Close":"12820.6","Volume":"1483700","AdjClose":"12820.6","Chg":"-34.4400000000005","ChgPct":"-0.26791048491487","ID":"223","YearMonth":"201205","grouper":"May   (Max: 13279.32 \/ Min: 12369.38 )","PARENT_ID":"201205"}
,{"CloseDate":"5\/14\/2012","Open":"12818.49","High":"12818.86","Low":"12661.48","Close":"12695.35","Volume":"1431900","AdjClose":"12695.35","Chg":"-125.25","ChgPct":"-0.976943356785174","ID":"222","YearMonth":"201205","grouper":"May   (Max: 13279.32 \/ Min: 12369.38 )","PARENT_ID":"201205"}
,{"CloseDate":"5\/15\/2012","Open":"12695.05","High":"12758.43","Low":"12608.16","Close":"12632","Volume":"1560600","AdjClose":"12632","Chg":"-63.3500000000004","ChgPct":"-0.499001602949114","ID":"221","YearMonth":"201205","grouper":"May   (Max: 13279.32 \/ Min: 12369.38 )","PARENT_ID":"201205"}
,{"CloseDate":"5\/16\/2012","Open":"12617.32","High":"12722.63","Low":"12597.34","Close":"12598.55","Volume":"1431300","AdjClose":"12598.55","Chg":"-33.4500000000007","ChgPct":"-0.264803673210899","ID":"220","YearMonth":"201205","grouper":"May   (Max: 13279.32 \/ Min: 12369.38 )","PARENT_ID":"201205"}
,{"CloseDate":"5\/17\/2012","Open":"12598.32","High":"12611.42","Low":"12440.52","Close":"12442.49","Volume":"1474300","AdjClose":"12442.49","Chg":"-156.059999999999","ChgPct":"-1.23871397898964","ID":"219","YearMonth":"201205","grouper":"May   (Max: 13279.32 \/ Min: 12369.38 )","PARENT_ID":"201205"}
,{"CloseDate":"5\/18\/2012","Open":"12443.02","High":"12492.97","Low":"12336.76","Close":"12369.38","Volume":"2407200","AdjClose":"12369.38","Chg":"-73.1100000000006","ChgPct":"-0.587583353492754","ID":"218","YearMonth":"201205","grouper":"May   (Max: 13279.32 \/ Min: 12369.38 )","PARENT_ID":"201205"}
,{"CloseDate":"5\/2\/2012","Open":"13278.11","High":"13278.11","Low":"13192.21","Close":"13268.57","Volume":"1007700","AdjClose":"13268.57","Chg":"-10.75","ChgPct":"-8.09529403614041E-02","ID":"230","YearMonth":"201205","grouper":"May   (Max: 13279.32 \/ Min: 12369.38 )","PARENT_ID":"201205"}
,{"CloseDate":"5\/21\/2012","Open":"12369.15","High":"12508.11","Low":"12367.72","Close":"12504.48","Volume":"1421100","AdjClose":"12504.48","Chg":"135.1","ChgPct":"1.09221319096026","ID":"217","YearMonth":"201205","grouper":"May   (Max: 13279.32 \/ Min: 12369.38 )","PARENT_ID":"201205"}
,{"CloseDate":"5\/22\/2012","Open":"12505.38","High":"12575.96","Low":"12447.33","Close":"12502.81","Volume":"1336500","AdjClose":"12502.81","Chg":"-1.67000000000007","ChgPct":"-1.33552134914852E-02","ID":"216","YearMonth":"201205","grouper":"May   (Max: 13279.32 \/ Min: 12369.38 )","PARENT_ID":"201205"}
,{"CloseDate":"5\/23\/2012","Open":"12501.52","High":"12508.3","Low":"12311.56","Close":"12496.15","Volume":"1521900","AdjClose":"12496.15","Chg":"-6.65999999999985","ChgPct":"-5.32680253479006E-02","ID":"215","YearMonth":"201205","grouper":"May   (Max: 13279.32 \/ Min: 12369.38 )","PARENT_ID":"201205"}
,{"CloseDate":"5\/24\/2012","Open":"12491.91","High":"12539.59","Low":"12419.63","Close":"12529.75","Volume":"1268100","AdjClose":"12529.75","Chg":"33.6000000000004","ChgPct":"0.268882815907302","ID":"214","YearMonth":"201205","grouper":"May   (Max: 13279.32 \/ Min: 12369.38 )","PARENT_ID":"201205"}
,{"CloseDate":"5\/25\/2012","Open":"12530.74","High":"12533.12","Low":"12421.53","Close":"12454.83","Volume":"930000","AdjClose":"12454.83","Chg":"-74.9200000000001","ChgPct":"-0.597936910153834","ID":"213","YearMonth":"201205","grouper":"May   (Max: 13279.32 \/ Min: 12369.38 )","PARENT_ID":"201205"}
,{"CloseDate":"5\/29\/2012","Open":"12454.83","High":"12611.61","Low":"12454.6","Close":"12580.69","Volume":"1075100","AdjClose":"12580.69","Chg":"125.860000000001","ChgPct":"1.01053165719645","ID":"212","YearMonth":"201205","grouper":"May   (Max: 13279.32 \/ Min: 12369.38 )","PARENT_ID":"201205"}
,{"CloseDate":"5\/3\/2012","Open":"13267.59","High":"13284.09","Low":"13175.64","Close":"13206.59","Volume":"1020900","AdjClose":"13206.59","Chg":"-61.9799999999996","ChgPct":"-0.467118913341826","ID":"229","YearMonth":"201205","grouper":"May   (Max: 13279.32 \/ Min: 12369.38 )","PARENT_ID":"201205"}
,{"CloseDate":"5\/30\/2012","Open":"12579.02","High":"12579.1","Low":"12396.4","Close":"12419.86","Volume":"1228300","AdjClose":"12419.86","Chg":"-160.83","ChgPct":"-1.27838775138724","ID":"211","YearMonth":"201205","grouper":"May   (Max: 13279.32 \/ Min: 12369.38 )","PARENT_ID":"201205"}
,{"CloseDate":"5\/31\/2012","Open":"12414.41","High":"12489.87","Low":"12316.48","Close":"12393.45","Volume":"2051400","AdjClose":"12393.45","Chg":"-26.4099999999999","ChgPct":"-0.212643298716732","ID":"210","YearMonth":"201205","grouper":"May   (Max: 13279.32 \/ Min: 12369.38 )","PARENT_ID":"201205"}
,{"CloseDate":"5\/4\/2012","Open":"13204.62","High":"13205","Low":"13022.34","Close":"13038.27","Volume":"1137900","AdjClose":"13038.27","Chg":"-168.32","ChgPct":"-1.27451522308181","ID":"228","YearMonth":"201205","grouper":"May   (Max: 13279.32 \/ Min: 12369.38 )","PARENT_ID":"201205"}
,{"CloseDate":"5\/7\/2012","Open":"13035.85","High":"13049.09","Low":"12970","Close":"13008.53","Volume":"1100800","AdjClose":"13008.53","Chg":"-29.7399999999998","ChgPct":"-0.228097746096681","ID":"227","YearMonth":"201205","grouper":"May   (Max: 13279.32 \/ Min: 12369.38 )","PARENT_ID":"201205"}
,{"CloseDate":"5\/8\/2012","Open":"13000.73","High":"13000.73","Low":"12810.39","Close":"12932.09","Volume":"1386200","AdjClose":"12932.09","Chg":"-76.4400000000005","ChgPct":"-0.587614434528732","ID":"226","YearMonth":"201205","grouper":"May   (Max: 13279.32 \/ Min: 12369.38 )","PARENT_ID":"201205"}
,{"CloseDate":"5\/9\/2012","Open":"12921.81","High":"12921.81","Low":"12748.48","Close":"12835.06","Volume":"1474600","AdjClose":"12835.06","Chg":"-97.0300000000007","ChgPct":"-0.750304088511607","ID":"225","YearMonth":"201205","grouper":"May   (Max: 13279.32 \/ Min: 12369.38 )","PARENT_ID":"201205"}
,{"CloseDate":"6\/1\/2012","Open":"12391.56","High":"12391.63","Low":"12107.48","Close":"12118.57","Volume":"1629400","AdjClose":"12118.57","Chg":"-274.880000000001","ChgPct":"-2.21794576974128","ID":"209","YearMonth":"201206","grouper":"June   (Max: 12880.09 \/ Min: 12101.46 )","PARENT_ID":"201206"}
,{"CloseDate":"6\/11\/2012","Open":"12553.81","High":"12650.47","Low":"12398.48","Close":"12411.23","Volume":"1210600","AdjClose":"12411.23","Chg":"-142.970000000001","ChgPct":"-1.13882206751526","ID":"203","YearMonth":"201206","grouper":"June   (Max: 12880.09 \/ Min: 12101.46 )","PARENT_ID":"201206"}
,{"CloseDate":"6\/12\/2012","Open":"12412.07","High":"12577.02","Low":"12411.91","Close":"12573.8","Volume":"1113600","AdjClose":"12573.8","Chg":"162.57","ChgPct":"1.30986211680873","ID":"202","YearMonth":"201206","grouper":"June   (Max: 12880.09 \/ Min: 12101.46 )","PARENT_ID":"201206"}
,{"CloseDate":"6\/13\/2012","Open":"12566.38","High":"12598.25","Low":"12453.69","Close":"12496.38","Volume":"1257800","AdjClose":"12496.38","Chg":"-77.4200000000001","ChgPct":"-0.615724761010992","ID":"201","YearMonth":"201206","grouper":"June   (Max: 12880.09 \/ Min: 12101.46 )","PARENT_ID":"201206"}
,{"CloseDate":"6\/14\/2012","Open":"12497.89","High":"12698.68","Low":"12497.66","Close":"12651.91","Volume":"1286400","AdjClose":"12651.91","Chg":"155.530000000001","ChgPct":"1.24460043628635","ID":"200","YearMonth":"201206","grouper":"June   (Max: 12880.09 \/ Min: 12101.46 )","PARENT_ID":"201206"}
,{"CloseDate":"6\/15\/2012","Open":"12652.21","High":"12774.7","Low":"12651.38","Close":"12767.17","Volume":"2842900","AdjClose":"12767.17","Chg":"115.26","ChgPct":"0.911008693549039","ID":"199","YearMonth":"201206","grouper":"June   (Max: 12880.09 \/ Min: 12101.46 )","PARENT_ID":"201206"}
,{"CloseDate":"6\/18\/2012","Open":"12767.02","High":"12781.93","Low":"12696.18","Close":"12741.82","Volume":"1112800","AdjClose":"12741.82","Chg":"-25.3500000000004","ChgPct":"-0.198556140475927","ID":"198","YearMonth":"201206","grouper":"June   (Max: 12880.09 \/ Min: 12101.46 )","PARENT_ID":"201206"}
,{"CloseDate":"6\/19\/2012","Open":"12744.62","High":"12898.94","Low":"12744.47","Close":"12837.33","Volume":"1251800","AdjClose":"12837.33","Chg":"95.5100000000002","ChgPct":"0.749578945550951","ID":"197","YearMonth":"201206","grouper":"June   (Max: 12880.09 \/ Min: 12101.46 )","PARENT_ID":"201206"}
,{"CloseDate":"6\/20\/2012","Open":"12837.1","High":"12877.18","Low":"12744.92","Close":"12824.39","Volume":"1191100","AdjClose":"12824.39","Chg":"-12.9400000000005","ChgPct":"-0.100799776900652","ID":"196","YearMonth":"201206","grouper":"June   (Max: 12880.09 \/ Min: 12101.46 )","PARENT_ID":"201206"}
,{"CloseDate":"6\/21\/2012","Open":"12823.1","High":"12857.39","Low":"12561.46","Close":"12573.57","Volume":"1467500","AdjClose":"12573.57","Chg":"-250.82","ChgPct":"-1.95580452559537","ID":"195","YearMonth":"201206","grouper":"June   (Max: 12880.09 \/ Min: 12101.46 )","PARENT_ID":"201206"}
,{"CloseDate":"6\/22\/2012","Open":"12574.82","High":"12674.08","Low":"12574.67","Close":"12640.78","Volume":"2099900","AdjClose":"12640.78","Chg":"67.2100000000009","ChgPct":"0.534533947001535","ID":"194","YearMonth":"201206","grouper":"June   (Max: 12880.09 \/ Min: 12101.46 )","PARENT_ID":"201206"}
,{"CloseDate":"6\/25\/2012","Open":"12639.8","High":"12639.87","Low":"12458.01","Close":"12502.66","Volume":"1340900","AdjClose":"12502.66","Chg":"-138.120000000001","ChgPct":"-1.09265409254809","ID":"193","YearMonth":"201206","grouper":"June   (Max: 12880.09 \/ Min: 12101.46 )","PARENT_ID":"201206"}
,{"CloseDate":"6\/26\/2012","Open":"12503.57","High":"12576.41","Low":"12452.03","Close":"12534.67","Volume":"1092700","AdjClose":"12534.67","Chg":"32.0100000000002","ChgPct":"0.25602551776982","ID":"192","YearMonth":"201206","grouper":"June   (Max: 12880.09 \/ Min: 12101.46 )","PARENT_ID":"201206"}
,{"CloseDate":"6\/27\/2012","Open":"12532.93","High":"12646.87","Low":"12532.71","Close":"12627.01","Volume":"979500","AdjClose":"12627.01","Chg":"92.3400000000001","ChgPct":"0.736676753356891","ID":"191","YearMonth":"201206","grouper":"June   (Max: 12880.09 \/ Min: 12101.46 )","PARENT_ID":"201206"}
,{"CloseDate":"6\/28\/2012","Open":"12626.25","High":"12626.25","Low":"12450.17","Close":"12602.26","Volume":"1258700","AdjClose":"12602.26","Chg":"-24.75","ChgPct":"-0.196008397870913","ID":"190","YearMonth":"201206","grouper":"June   (Max: 12880.09 \/ Min: 12101.46 )","PARENT_ID":"201206"}
,{"CloseDate":"6\/29\/2012","Open":"12604.6","High":"12880.39","Low":"12604.53","Close":"12880.09","Volume":"1916300","AdjClose":"12880.09","Chg":"277.83","ChgPct":"2.20460457092617","ID":"189","YearMonth":"201206","grouper":"June   (Max: 12880.09 \/ Min: 12101.46 )","PARENT_ID":"201206"}
,{"CloseDate":"6\/4\/2012","Open":"12119.85","High":"12143.69","Low":"12035.09","Close":"12101.46","Volume":"1264400","AdjClose":"12101.46","Chg":"-17.1100000000006","ChgPct":"-0.14118827551436","ID":"208","YearMonth":"201206","grouper":"June   (Max: 12880.09 \/ Min: 12101.46 )","PARENT_ID":"201206"}
,{"CloseDate":"6\/5\/2012","Open":"12101.08","High":"12147.55","Low":"12072.17","Close":"12127.95","Volume":"1089700","AdjClose":"12127.95","Chg":"26.4900000000016","ChgPct":"0.218899207203111","ID":"207","YearMonth":"201206","grouper":"June   (Max: 12880.09 \/ Min: 12101.46 )","PARENT_ID":"201206"}
,{"CloseDate":"6\/6\/2012","Open":"12125","High":"12414.79","Low":"12125","Close":"12414.79","Volume":"1401100","AdjClose":"12414.79","Chg":"286.84","ChgPct":"2.36511529153732","ID":"206","YearMonth":"201206","grouper":"June   (Max: 12880.09 \/ Min: 12101.46 )","PARENT_ID":"201206"}
,{"CloseDate":"6\/7\/2012","Open":"12416.53","High":"12555.26","Low":"12416.53","Close":"12460.96","Volume":"1311500","AdjClose":"12460.96","Chg":"46.1699999999983","ChgPct":"0.371895134754581","ID":"205","YearMonth":"201206","grouper":"June   (Max: 12880.09 \/ Min: 12101.46 )","PARENT_ID":"201206"}
,{"CloseDate":"6\/8\/2012","Open":"12460.81","High":"12554.2","Low":"12398.44","Close":"12554.2","Volume":"1118100","AdjClose":"12554.2","Chg":"93.2400000000016","ChgPct":"0.748256956125384","ID":"204","YearMonth":"201206","grouper":"June   (Max: 12880.09 \/ Min: 12101.46 )","PARENT_ID":"201206"}
,{"CloseDate":"7\/10\/2012","Open":"12733.87","High":"12830.29","Low":"12606.91","Close":"12653.12","Volume":"1147600","AdjClose":"12653.12","Chg":"-83.1700000000001","ChgPct":"-0.65301590965658","ID":"183","YearMonth":"201207","grouper":"July   (Max: 13075.66 \/ Min: 12573.27 )","PARENT_ID":"201207"}
,{"CloseDate":"7\/11\/2012","Open":"12653.04","High":"12661.97","Low":"12534.33","Close":"12604.53","Volume":"1284200","AdjClose":"12604.53","Chg":"-48.5900000000001","ChgPct":"-0.384015958119421","ID":"182","YearMonth":"201207","grouper":"July   (Max: 13075.66 \/ Min: 12573.27 )","PARENT_ID":"201207"}
,{"CloseDate":"7\/12\/2012","Open":"12602.71","High":"12630.64","Low":"12492.25","Close":"12573.27","Volume":"1427600","AdjClose":"12573.27","Chg":"-31.2600000000002","ChgPct":"-0.248006074006728","ID":"181","YearMonth":"201207","grouper":"July   (Max: 13075.66 \/ Min: 12573.27 )","PARENT_ID":"201207"}
,{"CloseDate":"7\/13\/2012","Open":"12573.73","High":"12784.73","Low":"12573.04","Close":"12777.09","Volume":"1210800","AdjClose":"12777.09","Chg":"203.82","ChgPct":"1.62105800638974","ID":"180","YearMonth":"201207","grouper":"July   (Max: 13075.66 \/ Min: 12573.27 )","PARENT_ID":"201207"}
,{"CloseDate":"7\/16\/2012","Open":"12776.33","High":"12779.58","Low":"12690.05","Close":"12727.21","Volume":"935000","AdjClose":"12727.21","Chg":"-49.880000000001","ChgPct":"-0.390386230354494","ID":"179","YearMonth":"201207","grouper":"July   (Max: 13075.66 \/ Min: 12573.27 )","PARENT_ID":"201207"}
,{"CloseDate":"7\/17\/2012","Open":"12728.73","High":"12829.23","Low":"12645.1","Close":"12805.54","Volume":"1196200","AdjClose":"12805.54","Chg":"78.3300000000017","ChgPct":"0.615453033304249","ID":"178","YearMonth":"201207","grouper":"July   (Max: 13075.66 \/ Min: 12573.27 )","PARENT_ID":"201207"}
,{"CloseDate":"7\/18\/2012","Open":"12796.98","High":"12921.94","Low":"12754.61","Close":"12908.7","Volume":"1300700","AdjClose":"12908.7","Chg":"103.16","ChgPct":"0.805588831084045","ID":"177","YearMonth":"201207","grouper":"July   (Max: 13075.66 \/ Min: 12573.27 )","PARENT_ID":"201207"}
,{"CloseDate":"7\/19\/2012","Open":"12909.61","High":"12977.57","Low":"12889.93","Close":"12943.36","Volume":"1394800","AdjClose":"12943.36","Chg":"34.6599999999999","ChgPct":"0.26850108841324","ID":"176","YearMonth":"201207","grouper":"July   (Max: 13075.66 \/ Min: 12573.27 )","PARENT_ID":"201207"}
,{"CloseDate":"7\/2\/2012","Open":"12879.71","High":"12902.12","Low":"12795.48","Close":"12871.39","Volume":"1096400","AdjClose":"12871.39","Chg":"-8.70000000000073","ChgPct":"-6.75461118672364E-02","ID":"188","YearMonth":"201207","grouper":"July   (Max: 13075.66 \/ Min: 12573.27 )","PARENT_ID":"201207"}
,{"CloseDate":"7\/20\/2012","Open":"12942.68","High":"12942.83","Low":"12810.35","Close":"12822.57","Volume":"2107700","AdjClose":"12822.57","Chg":"-120.790000000001","ChgPct":"-0.933219813093361","ID":"175","YearMonth":"201207","grouper":"July   (Max: 13075.66 \/ Min: 12573.27 )","PARENT_ID":"201207"}
,{"CloseDate":"7\/23\/2012","Open":"12820.45","High":"12820.45","Low":"12583.41","Close":"12721.46","Volume":"1377600","AdjClose":"12721.46","Chg":"-101.110000000001","ChgPct":"-0.788531472239969","ID":"174","YearMonth":"201207","grouper":"July   (Max: 13075.66 \/ Min: 12573.27 )","PARENT_ID":"201207"}
,{"CloseDate":"7\/24\/2012","Open":"12720.93","High":"12730.09","Low":"12521.84","Close":"12617.32","Volume":"1315300","AdjClose":"12617.32","Chg":"-104.139999999999","ChgPct":"-0.81861673109847","ID":"173","YearMonth":"201207","grouper":"July   (Max: 13075.66 \/ Min: 12573.27 )","PARENT_ID":"201207"}
,{"CloseDate":"7\/25\/2012","Open":"12617.77","High":"12732.77","Low":"12617.62","Close":"12676.05","Volume":"1273200","AdjClose":"12676.05","Chg":"58.7299999999996","ChgPct":"0.4654712728218","ID":"172","YearMonth":"201207","grouper":"July   (Max: 13075.66 \/ Min: 12573.27 )","PARENT_ID":"201207"}
,{"CloseDate":"7\/26\/2012","Open":"12680.59","High":"12931.22","Low":"12680.59","Close":"12887.93","Volume":"1336200","AdjClose":"12887.93","Chg":"211.880000000001","ChgPct":"1.67149861352709","ID":"171","YearMonth":"201207","grouper":"July   (Max: 13075.66 \/ Min: 12573.27 )","PARENT_ID":"201207"}
,{"CloseDate":"7\/27\/2012","Open":"12888.91","High":"13117.74","Low":"12888.53","Close":"13075.66","Volume":"1615100","AdjClose":"13075.66","Chg":"187.73","ChgPct":"1.45663423063284","ID":"170","YearMonth":"201207","grouper":"July   (Max: 13075.66 \/ Min: 12573.27 )","PARENT_ID":"201207"}
,{"CloseDate":"7\/3\/2012","Open":"12868.06","High":"12946.2","Low":"12845.28","Close":"12943.66","Volume":"638500","AdjClose":"12943.66","Chg":"72.2700000000004","ChgPct":"0.56147782018881","ID":"187","YearMonth":"201207","grouper":"July   (Max: 13075.66 \/ Min: 12573.27 )","PARENT_ID":"201207"}
,{"CloseDate":"7\/30\/2012","Open":"13075.35","High":"13128.64","Low":"13042.85","Close":"13073.01","Volume":"917300","AdjClose":"13073.01","Chg":"-2.64999999999964","ChgPct":"-2.02666634036036E-02","ID":"169","YearMonth":"201207","grouper":"July   (Max: 13075.66 \/ Min: 12573.27 )","PARENT_ID":"201207"}
,{"CloseDate":"7\/31\/2012","Open":"13071.72","High":"13082.66","Low":"13006.48","Close":"13008.68","Volume":"1259800","AdjClose":"13008.68","Chg":"-64.3299999999999","ChgPct":"-0.492082542582006","ID":"168","YearMonth":"201207","grouper":"July   (Max: 13075.66 \/ Min: 12573.27 )","PARENT_ID":"201207"}
,{"CloseDate":"7\/5\/2012","Open":"12941.85","High":"12961.3","Low":"12852.24","Close":"12896.67","Volume":"978000","AdjClose":"12896.67","Chg":"-46.9899999999998","ChgPct":"-0.363034875761568","ID":"186","YearMonth":"201207","grouper":"July   (Max: 13075.66 \/ Min: 12573.27 )","PARENT_ID":"201207"}
,{"CloseDate":"7\/6\/2012","Open":"12889.4","High":"12889.4","Low":"12702.99","Close":"12772.47","Volume":"967600","AdjClose":"12772.47","Chg":"-124.200000000001","ChgPct":"-0.963039296190418","ID":"185","YearMonth":"201207","grouper":"July   (Max: 13075.66 \/ Min: 12573.27 )","PARENT_ID":"201207"}
,{"CloseDate":"7\/9\/2012","Open":"12772.02","High":"12772.02","Low":"12686.57","Close":"12736.29","Volume":"1001500","AdjClose":"12736.29","Chg":"-36.1799999999985","ChgPct":"-0.283265492109189","ID":"184","YearMonth":"201207","grouper":"July   (Max: 13075.66 \/ Min: 12573.27 )","PARENT_ID":"201207"}
,{"CloseDate":"8\/1\/2012","Open":"13007.47","High":"13074.83","Low":"12951.16","Close":"12976.13","Volume":"1327800","AdjClose":"12976.13","Chg":"-32.5500000000011","ChgPct":"-0.250217547053207","ID":"167","YearMonth":"201208","grouper":"August   (Max: 13275.2 \/ Min: 12878.88 )","PARENT_ID":"201208"}
,{"CloseDate":"8\/10\/2012","Open":"13163.15","High":"13208.22","Low":"13094.96","Close":"13207.95","Volume":"866400","AdjClose":"13207.95","Chg":"42.7600000000002","ChgPct":"0.324795920150034","ID":"160","YearMonth":"201208","grouper":"August   (Max: 13275.2 \/ Min: 12878.88 )","PARENT_ID":"201208"}
,{"CloseDate":"8\/13\/2012","Open":"13204.93","High":"13205.01","Low":"13112.94","Close":"13169.43","Volume":"675500","AdjClose":"13169.43","Chg":"-38.5200000000004","ChgPct":"-0.291642533474161","ID":"159","YearMonth":"201208","grouper":"August   (Max: 13275.2 \/ Min: 12878.88 )","PARENT_ID":"201208"}
,{"CloseDate":"8\/14\/2012","Open":"13168.11","High":"13223.01","Low":"13142.1","Close":"13172.14","Volume":"844300","AdjClose":"13172.14","Chg":"2.70999999999913","ChgPct":"2.05779597142711E-02","ID":"158","YearMonth":"201208","grouper":"August   (Max: 13275.2 \/ Min: 12878.88 )","PARENT_ID":"201208"}
,{"CloseDate":"8\/15\/2012","Open":"13157.47","High":"13192.89","Low":"13138.23","Close":"13164.78","Volume":"771300","AdjClose":"13164.78","Chg":"-7.35999999999876","ChgPct":"-5.58755069411558E-02","ID":"157","YearMonth":"201208","grouper":"August   (Max: 13275.2 \/ Min: 12878.88 )","PARENT_ID":"201208"}
,{"CloseDate":"8\/16\/2012","Open":"13163.24","High":"13269.35","Low":"13145.85","Close":"13250.11","Volume":"1145800","AdjClose":"13250.11","Chg":"85.3299999999999","ChgPct":"0.648168826216617","ID":"156","YearMonth":"201208","grouper":"August   (Max: 13275.2 \/ Min: 12878.88 )","PARENT_ID":"201208"}
,{"CloseDate":"8\/17\/2012","Open":"13251.2","High":"13281.32","Low":"13244.85","Close":"13275.2","Volume":"1385500","AdjClose":"13275.2","Chg":"25.0900000000001","ChgPct":"0.189356918546338","ID":"155","YearMonth":"201208","grouper":"August   (Max: 13275.2 \/ Min: 12878.88 )","PARENT_ID":"201208"}
,{"CloseDate":"8\/2\/2012","Open":"12969.7","High":"12969.85","Low":"12778.9","Close":"12878.88","Volume":"1127700","AdjClose":"12878.88","Chg":"-97.25","ChgPct":"-0.749453034148086","ID":"166","YearMonth":"201208","grouper":"August   (Max: 13275.2 \/ Min: 12878.88 )","PARENT_ID":"201208"}
,{"CloseDate":"8\/20\/2012","Open":"13274.58","High":"13276.15","Low":"13230.06","Close":"13271.64","Volume":"875900","AdjClose":"13271.64","Chg":"-3.56000000000131","ChgPct":"-2.68169217789661E-02","ID":"154","YearMonth":"201208","grouper":"August   (Max: 13275.2 \/ Min: 12878.88 )","PARENT_ID":"201208"}
,{"CloseDate":"8\/21\/2012","Open":"13272.1","High":"13330.76","Low":"13186.6","Close":"13203.58","Volume":"1170600","AdjClose":"13203.58","Chg":"-68.0599999999995","ChgPct":"-0.512822831240144","ID":"153","YearMonth":"201208","grouper":"August   (Max: 13275.2 \/ Min: 12878.88 )","PARENT_ID":"201208"}
,{"CloseDate":"8\/22\/2012","Open":"13198.31","High":"13205.06","Low":"13120.34","Close":"13172.76","Volume":"1112200","AdjClose":"13172.76","Chg":"-30.8199999999997","ChgPct":"-0.233421541733376","ID":"152","YearMonth":"201208","grouper":"August   (Max: 13275.2 \/ Min: 12878.88 )","PARENT_ID":"201208"}
,{"CloseDate":"8\/23\/2012","Open":"13171.37","High":"13171.37","Low":"13046.46","Close":"13057.46","Volume":"1088000","AdjClose":"13057.46","Chg":"-115.300000000001","ChgPct":"-0.875291131091746","ID":"151","YearMonth":"201208","grouper":"August   (Max: 13275.2 \/ Min: 12878.88 )","PARENT_ID":"201208"}
,{"CloseDate":"8\/24\/2012","Open":"13052.82","High":"13175.51","Low":"13027.2","Close":"13157.97","Volume":"880300","AdjClose":"13157.97","Chg":"100.51","ChgPct":"0.769751544327918","ID":"150","YearMonth":"201208","grouper":"August   (Max: 13275.2 \/ Min: 12878.88 )","PARENT_ID":"201208"}
,{"CloseDate":"8\/27\/2012","Open":"13157.74","High":"13176.17","Low":"13115.46","Close":"13124.67","Volume":"960700","AdjClose":"13124.67","Chg":"-33.2999999999993","ChgPct":"-0.253078552390675","ID":"149","YearMonth":"201208","grouper":"August   (Max: 13275.2 \/ Min: 12878.88 )","PARENT_ID":"201208"}
,{"CloseDate":"8\/28\/2012","Open":"13122.74","High":"13147.32","Low":"13081.12","Close":"13102.99","Volume":"816300","AdjClose":"13102.99","Chg":"-21.6800000000003","ChgPct":"-0.165185105606467","ID":"148","YearMonth":"201208","grouper":"August   (Max: 13275.2 \/ Min: 12878.88 )","PARENT_ID":"201208"}
,{"CloseDate":"8\/29\/2012","Open":"13103.46","High":"13144.81","Low":"13081.27","Close":"13107.48","Volume":"915300","AdjClose":"13107.48","Chg":"4.48999999999978","ChgPct":"3.42669879164968E-02","ID":"147","YearMonth":"201208","grouper":"August   (Max: 13275.2 \/ Min: 12878.88 )","PARENT_ID":"201208"}
,{"CloseDate":"8\/3\/2012","Open":"12884.82","High":"13133.18","Low":"12884.82","Close":"13096.17","Volume":"1123900","AdjClose":"13096.17","Chg":"217.290000000001","ChgPct":"1.68718087287094","ID":"165","YearMonth":"201208","grouper":"August   (Max: 13275.2 \/ Min: 12878.88 )","PARENT_ID":"201208"}
,{"CloseDate":"8\/30\/2012","Open":"13101.29","High":"13101.37","Low":"12978.91","Close":"13000.71","Volume":"899800","AdjClose":"13000.71","Chg":"-106.77","ChgPct":"-0.814573052943819","ID":"146","YearMonth":"201208","grouper":"August   (Max: 13275.2 \/ Min: 12878.88 )","PARENT_ID":"201208"}
,{"CloseDate":"8\/31\/2012","Open":"13002.72","High":"13151.87","Low":"13002.64","Close":"13090.84","Volume":"1197800","AdjClose":"13090.84","Chg":"90.130000000001","ChgPct":"0.693269829109341","ID":"145","YearMonth":"201208","grouper":"August   (Max: 13275.2 \/ Min: 12878.88 )","PARENT_ID":"201208"}
,{"CloseDate":"8\/6\/2012","Open":"13099.88","High":"13187.28","Low":"13099.72","Close":"13117.51","Volume":"842700","AdjClose":"13117.51","Chg":"21.3400000000001","ChgPct":"0.162948403999033","ID":"164","YearMonth":"201208","grouper":"August   (Max: 13275.2 \/ Min: 12878.88 )","PARENT_ID":"201208"}
,{"CloseDate":"8\/7\/2012","Open":"13118.65","High":"13215.97","Low":"13118.42","Close":"13168.6","Volume":"952400","AdjClose":"13168.6","Chg":"51.0900000000001","ChgPct":"0.389479405771371","ID":"163","YearMonth":"201208","grouper":"August   (Max: 13275.2 \/ Min: 12878.88 )","PARENT_ID":"201208"}
,{"CloseDate":"8\/8\/2012","Open":"13158.1","High":"13202.65","Low":"13115.24","Close":"13175.64","Volume":"849100","AdjClose":"13175.64","Chg":"7.03999999999905","ChgPct":"5.34605045335044E-02","ID":"162","YearMonth":"201208","grouper":"August   (Max: 13275.2 \/ Min: 12878.88 )","PARENT_ID":"201208"}
,{"CloseDate":"8\/9\/2012","Open":"13174.73","High":"13200.23","Low":"13125.09","Close":"13165.19","Volume":"843500","AdjClose":"13165.19","Chg":"-10.4499999999989","ChgPct":"-7.93130352681077E-02","ID":"161","YearMonth":"201208","grouper":"August   (Max: 13275.2 \/ Min: 12878.88 )","PARENT_ID":"201208"}
,{"CloseDate":"9\/10\/2012","Open":"13308.56","High":"13324.1","Low":"13251.39","Close":"13254.29","Volume":"1238100","AdjClose":"13254.29","Chg":"-52.3499999999985","ChgPct":"-0.393412612049312","ID":"140","YearMonth":"201209","grouper":"September   (Max: 13596.93 \/ Min: 13035.94 )","PARENT_ID":"201209"}
,{"CloseDate":"9\/11\/2012","Open":"13254.6","High":"13354.34","Low":"13253.21","Close":"13323.36","Volume":"1049200","AdjClose":"13323.36","Chg":"69.0699999999997","ChgPct":"0.521114295824218","ID":"139","YearMonth":"201209","grouper":"September   (Max: 13596.93 \/ Min: 13035.94 )","PARENT_ID":"201209"}
,{"CloseDate":"9\/12\/2012","Open":"13321.62","High":"13373.62","Low":"13317.52","Close":"13333.35","Volume":"1115200","AdjClose":"13333.35","Chg":"9.98999999999978","ChgPct":"7.49810858522158E-02","ID":"138","YearMonth":"201209","grouper":"September   (Max: 13596.93 \/ Min: 13035.94 )","PARENT_ID":"201209"}
,{"CloseDate":"9\/13\/2012","Open":"13329.71","High":"13573.33","Low":"13325.11","Close":"13539.86","Volume":"1517700","AdjClose":"13539.86","Chg":"206.51","ChgPct":"1.54882306397117","ID":"137","YearMonth":"201209","grouper":"September   (Max: 13596.93 \/ Min: 13035.94 )","PARENT_ID":"201209"}
,{"CloseDate":"9\/14\/2012","Open":"13540.4","High":"13653.24","Low":"13533.94","Close":"13593.37","Volume":"1851600","AdjClose":"13593.37","Chg":"53.5100000000002","ChgPct":"0.395203495457119","ID":"136","YearMonth":"201209","grouper":"September   (Max: 13596.93 \/ Min: 13035.94 )","PARENT_ID":"201209"}
,{"CloseDate":"9\/17\/2012","Open":"13588.57","High":"13593.15","Low":"13526.67","Close":"13553.1","Volume":"1280200","AdjClose":"13553.1","Chg":"-40.2700000000004","ChgPct":"-0.296247361765334","ID":"135","YearMonth":"201209","grouper":"September   (Max: 13596.93 \/ Min: 13035.94 )","PARENT_ID":"201209"}
,{"CloseDate":"9\/18\/2012","Open":"13552.33","High":"13582.12","Low":"13517.81","Close":"13564.64","Volume":"1207200","AdjClose":"13564.64","Chg":"11.5399999999991","ChgPct":"8.51465716330511E-02","ID":"134","YearMonth":"201209","grouper":"September   (Max: 13596.93 \/ Min: 13035.94 )","PARENT_ID":"201209"}
,{"CloseDate":"9\/19\/2012","Open":"13565.41","High":"13626.48","Low":"13556.74","Close":"13577.96","Volume":"1162100","AdjClose":"13577.96","Chg":"13.3199999999997","ChgPct":"0.098196487337664","ID":"133","YearMonth":"201209","grouper":"September   (Max: 13596.93 \/ Min: 13035.94 )","PARENT_ID":"201209"}
,{"CloseDate":"9\/20\/2012","Open":"13575.17","High":"13599.02","Low":"13503","Close":"13596.93","Volume":"1179100","AdjClose":"13596.93","Chg":"18.9700000000012","ChgPct":"0.139711709270031","ID":"132","YearMonth":"201209","grouper":"September   (Max: 13596.93 \/ Min: 13035.94 )","PARENT_ID":"201209"}
,{"CloseDate":"9\/21\/2012","Open":"13597.24","High":"13647.1","Low":"13571.53","Close":"13579.47","Volume":"4296100","AdjClose":"13579.47","Chg":"-17.4600000000009","ChgPct":"-0.128411339912767","ID":"131","YearMonth":"201209","grouper":"September   (Max: 13596.93 \/ Min: 13035.94 )","PARENT_ID":"201209"}
,{"CloseDate":"9\/24\/2012","Open":"13577.85","High":"13601.9","Low":"13521.68","Close":"13558.92","Volume":"1203700","AdjClose":"13558.92","Chg":"-20.5499999999993","ChgPct":"-0.151331384803673","ID":"130","YearMonth":"201209","grouper":"September   (Max: 13596.93 \/ Min: 13035.94 )","PARENT_ID":"201209"}
,{"CloseDate":"9\/25\/2012","Open":"13559.92","High":"13620.21","Low":"13457.25","Close":"13457.55","Volume":"1386300","AdjClose":"13457.55","Chg":"-101.370000000001","ChgPct":"-0.747625917108448","ID":"129","YearMonth":"201209","grouper":"September   (Max: 13596.93 \/ Min: 13035.94 )","PARENT_ID":"201209"}
,{"CloseDate":"9\/26\/2012","Open":"13458.63","High":"13480.37","Low":"13406.91","Close":"13413.51","Volume":"1243500","AdjClose":"13413.51","Chg":"-44.0399999999991","ChgPct":"-0.327251245583327","ID":"128","YearMonth":"201209","grouper":"September   (Max: 13596.93 \/ Min: 13035.94 )","PARENT_ID":"201209"}
,{"CloseDate":"9\/27\/2012","Open":"13413.47","High":"13522.83","Low":"13413.47","Close":"13485.97","Volume":"1139900","AdjClose":"13485.97","Chg":"72.4599999999991","ChgPct":"0.540201632533163","ID":"127","YearMonth":"201209","grouper":"September   (Max: 13596.93 \/ Min: 13035.94 )","PARENT_ID":"201209"}
,{"CloseDate":"9\/28\/2012","Open":"13485.89","High":"13487.66","Low":"13367.27","Close":"13437.13","Volume":"1469500","AdjClose":"13437.13","Chg":"-48.8400000000001","ChgPct":"-0.36215414983127","ID":"126","YearMonth":"201209","grouper":"September   (Max: 13596.93 \/ Min: 13035.94 )","PARENT_ID":"201209"}
,{"CloseDate":"9\/4\/2012","Open":"13092.15","High":"13092.39","Low":"12977.09","Close":"13035.94","Volume":"1039200","AdjClose":"13035.94","Chg":"-54.8999999999996","ChgPct":"-0.419377213379734","ID":"144","YearMonth":"201209","grouper":"September   (Max: 13596.93 \/ Min: 13035.94 )","PARENT_ID":"201209"}
,{"CloseDate":"9\/5\/2012","Open":"13036.09","High":"13095.91","Low":"13018.74","Close":"13047.48","Volume":"925500","AdjClose":"13047.48","Chg":"11.5399999999991","ChgPct":"8.85244945895659E-02","ID":"143","YearMonth":"201209","grouper":"September   (Max: 13596.93 \/ Min: 13035.94 )","PARENT_ID":"201209"}
,{"CloseDate":"9\/6\/2012","Open":"13045.23","High":"13294.13","Low":"13045.08","Close":"13292","Volume":"1286500","AdjClose":"13292","Chg":"244.52","ChgPct":"1.87407836609062","ID":"142","YearMonth":"201209","grouper":"September   (Max: 13596.93 \/ Min: 13035.94 )","PARENT_ID":"201209"}
,{"CloseDate":"9\/7\/2012","Open":"13289.53","High":"13320.27","Low":"13266.22","Close":"13306.64","Volume":"1422100","AdjClose":"13306.64","Chg":"14.6399999999994","ChgPct":"0.110141438459219","ID":"141","YearMonth":"201209","grouper":"September   (Max: 13596.93 \/ Min: 13035.94 )","PARENT_ID":"201209"}
]}
