{"children": [
{"LEVEL" : "1",
"expanded" : false,
"leaf" : false,
"CATEG" : "EU - GUS / Russia (rail transport)",
"ID" : "2",
"PARENT_ID" : "NULL",
"FtWEIGHT" : "",
"FtWEIGHT2" : "",
"FtWEIGHT3" : "",
"FtWEIGHT4" : "",
"FtWEIGHT5" : "",
"FtWEIGHT6" : "",
"FtWEIGHT7" : "",
"MAP" : "./resources/images/RTSB_Eastbound_EU-BALTIKUM-GUS.png",
"DETAILS" : "./resources/images/Details_bg.png",
"children" : [
{"LEVEL" : "2",
"expanded" : false,
"leaf" : true,
"CATEG" : "Basel => Almaty",
"ID" : "3",
"PARENT_ID" : "2",
"FtWEIGHT" : "2676000",
"FtWEIGHT2" : "2761000",
"FtWEIGHT3" : "2946000",
"FtWEIGHT4" : "3211000",
"FtWEIGHT5" : "4305000",
"FtWEIGHT6" : "4565000",
"FtWEIGHT7" : "4915000",
"MAP" : "./resources/images/RTSB_Eastbound_EU-BALTIKUM-GUS.png",
"DETAILS" : "./resources/images/Details_bg.png",
},
{"LEVEL" : "2",
"expanded" : false,
"leaf" : true,
"CATEG" : "Duisburg => Astana",
"ID" : "4",
"PARENT_ID" : "2",
"FtWEIGHT" : "2278000",
"FtWEIGHT2" : "2338000",
"FtWEIGHT3" : "2448000",
"FtWEIGHT4" : "2628000",
"FtWEIGHT5" : "3598000",
"FtWEIGHT6" : "3598000",
"FtWEIGHT7" : "3748000",
"MAP" : "./resources/images/RTSB_Eastbound_EU-BALTIKUM-GUS.png",
"DETAILS" : "./resources/images/Details_bg.png",
},
{"LEVEL" : "2",
"expanded" : false,
"leaf" : true,
"CATEG" : "Hamburg => Bishkek",
"ID" : "5",
"PARENT_ID" : "2",
"FtWEIGHT" : "2885000",
"FtWEIGHT2" : "2965000",
"FtWEIGHT3" : "3080000",
"FtWEIGHT4" : "2365000",
"FtWEIGHT5" : "4880000",
"FtWEIGHT6" : "4930000",
"FtWEIGHT7" : "5200000",
"MAP" : "./resources/images/RTSB_Eastbound_EU-BALTIKUM-GUS.png",
"DETAILS" : "./resources/images/Details_bg.png",
},
{"LEVEL" : "2",
"expanded" : false,
"leaf" : true,
"CATEG" : "Munich => Tashkent",
"ID" : "6",
"PARENT_ID" : "2",
"FtWEIGHT" : "2925000",
"FtWEIGHT2" : "2981000",
"FtWEIGHT3" : "3201000",
"FtWEIGHT4" : "3351000",
"FtWEIGHT5" : "5008000",
"FtWEIGHT6" : "5063000",
"FtWEIGHT7" : "5273000",
"MAP" : "./resources/images/RTSB_Eastbound_EU-BALTIKUM-GUS.png",
"DETAILS" : "./resources/images/Details_bg.png",
},
{"LEVEL" : "2",
"expanded" : false,
"leaf" : true,
"CATEG" : "Wien => Moskau",
"ID" : "7",
"PARENT_ID" : "2",
"FtWEIGHT" : "2081000",
"FtWEIGHT2" : "2164000",
"FtWEIGHT3" : "2314000",
"FtWEIGHT4" : "2484000",
"FtWEIGHT5" : "3161000",
"FtWEIGHT6" : "3167000",
"FtWEIGHT7" : "3488000",
"MAP" : "./resources/images/RTSB_Eastbound_EU-BALTIKUM-GUS.png",
"DETAILS" : "./resources/images/Details_bg.png",
},
{"LEVEL" : "2",
"expanded" : false,
"leaf" : true,
"CATEG" : "Hamburg => Ashgabad",
"ID" : "8",
"PARENT_ID" : "2",
"FtWEIGHT" : "3494000",
"FtWEIGHT2" : "3574000",
"FtWEIGHT3" : "3689000",
"FtWEIGHT4" : "3874000",
"FtWEIGHT5" : "5791000",
"FtWEIGHT6" : "5841000",
"FtWEIGHT7" : "6111000",
"MAP" : "./resources/images/RTSB_Eastbound_EU-BALTIKUM-GUS.png",
"DETAILS" : "./resources/images/Details_bg.png",
},
{"LEVEL" : "2",
"expanded" : false,
"leaf" : true,
"CATEG" : "Basel => Vladivostok",
"ID" : "9",
"PARENT_ID" : "2",
"FtWEIGHT" : "2709000",
"FtWEIGHT2" : "2794000",
"FtWEIGHT3" : "2979000",
"FtWEIGHT4" : "3244000",
"FtWEIGHT5" : "4673000",
"FtWEIGHT6" : "4933000",
"FtWEIGHT7" : "5283000",
"MAP" : "./resources/images/RTSB_Eastbound_EU-BALTIKUM-GUS.png",
"DETAILS" : "./resources/images/Details_bg.png",
},
{"LEVEL" : "2",
"expanded" : false,
"leaf" : true,
"CATEG" : "Antwerp => Karaganda",
"ID" : "10",
"PARENT_ID" : "2",
"FtWEIGHT" : "2412000",
"FtWEIGHT2" : "2412000",
"FtWEIGHT3" : "2412000",
"FtWEIGHT4" : "2412000",
"FtWEIGHT5" : "3690000",
"FtWEIGHT6" : "3690000",
"FtWEIGHT7" : "3690000",
"MAP" : "./resources/images/RTSB_Eastbound_EU-BALTIKUM-GUS.png",
"DETAILS" : "./resources/images/Details_bg.png",
},
{"LEVEL" : "2",
"expanded" : false,
"leaf" : true,
"CATEG" : "Duisburg => Duchanbe",
"ID" : "11",
"PARENT_ID" : "2",
"FtWEIGHT" : "4588000",
"FtWEIGHT2" : "4648000",
"FtWEIGHT3" : "4758000",
"FtWEIGHT4" : "4938000",
"FtWEIGHT5" : "7731000",
"FtWEIGHT6" : "7731000",
"FtWEIGHT7" : "7881000",
"MAP" : "./resources/images/RTSB_Eastbound_EU-BALTIKUM-GUS.png",
"DETAILS" : "./resources/images/Details_bg.png",
},
{"LEVEL" : "2",
"expanded" : false,
"leaf" : true,
"CATEG" : "Berlin => Ulan-Batar",
"ID" : "12",
"PARENT_ID" : "2",
"FtWEIGHT" : "2156000",
"FtWEIGHT2" : "2196000",
"FtWEIGHT3" : "2256000",
"FtWEIGHT4" : "2356000",
"FtWEIGHT5" : "3490000",
"FtWEIGHT6" : "3510000",
"FtWEIGHT7" : "3655000",
"MAP" : "./resources/images/RTSB_Eastbound_EU-BALTIKUM-GUS.png",
"DETAILS" : "./resources/images/Details_bg.png",
},
{"LEVEL" : "2",
"expanded" : false,
"leaf" : true,
"CATEG" : "Kornwestheim => Shimkent",
"ID" : "13",
"PARENT_ID" : "2",
"FtWEIGHT" : "2679000",
"FtWEIGHT2" : "2759000",
"FtWEIGHT3" : "2969000",
"FtWEIGHT4" : "3159000",
"FtWEIGHT5" : "4344000",
"FtWEIGHT6" : "4354000",
"FtWEIGHT7" : "4679000",
"MAP" : "./resources/images/RTSB_Eastbound_EU-BALTIKUM-GUS.png",
"DETAILS" : "./resources/images/Details_bg.png",
},
{"LEVEL" : "2",
"expanded" : false,
"leaf" : true,
"CATEG" : "Munich => Baku",
"ID" : "14",
"PARENT_ID" : "2",
"FtWEIGHT" : "2222000",
"FtWEIGHT2" : "2277000",
"FtWEIGHT3" : "2497000",
"FtWEIGHT4" : "2647000",
"FtWEIGHT5" : "3713000",
"FtWEIGHT6" : "3768000",
"FtWEIGHT7" : "3978000",
"MAP" : "./resources/images/RTSB_Eastbound_EU-BALTIKUM-GUS.png",
"DETAILS" : "./resources/images/Details_bg.png",
},
{"LEVEL" : "2",
"expanded" : false,
"leaf" : true,
"CATEG" : "Mannheim => Nizhniy Novgorod",
"ID" : "15",
"PARENT_ID" : "2",
"FtWEIGHT" : "1722000",
"FtWEIGHT2" : "1802000",
"FtWEIGHT3" : "1997000",
"FtWEIGHT4" : "2147000",
"FtWEIGHT5" : "2724000",
"FtWEIGHT6" : "2779000",
"FtWEIGHT7" : "2954000",
"MAP" : "./resources/images/RTSB_Eastbound_EU-BALTIKUM-GUS.png",
"DETAILS" : "./resources/images/Details_bg.png",
},
{"LEVEL" : "2",
"expanded" : false,
"leaf" : true,
"CATEG" : "Rotterdam => Aktau",
"ID" : "16",
"PARENT_ID" : "2",
"FtWEIGHT" : "2448000",
"FtWEIGHT2" : "2448000",
"FtWEIGHT3" : "2448000",
"FtWEIGHT4" : "2448000",
"FtWEIGHT5" : "3740000",
"FtWEIGHT6" : "3740000",
"FtWEIGHT7" : "3740000",
"MAP" : "./resources/images/RTSB_Eastbound_EU-BALTIKUM-GUS.png",
"DETAILS" : "./resources/images/Details_bg.png",
},
{"LEVEL" : "2",
"expanded" : false,
"leaf" : true,
"CATEG" : "Berlin => Orenburg",
"ID" : "17",
"PARENT_ID" : "2",
"FtWEIGHT" : "1657000",
"FtWEIGHT2" : "1697000",
"FtWEIGHT3" : "1757000",
"FtWEIGHT4" : "1857000",
"FtWEIGHT5" : "2468000",
"FtWEIGHT6" : "2488000",
"FtWEIGHT7" : "2633000",
"MAP" : "./resources/images/RTSB_Eastbound_EU-BALTIKUM-GUS.png",
"DETAILS" : "./resources/images/Details_bg.png",
},
{"LEVEL" : "2",
"expanded" : false,
"leaf" : true,
"CATEG" : "Hamburg => Angren",
"ID" : "18",
"PARENT_ID" : "2",
"FtWEIGHT" : "2808000",
"FtWEIGHT2" : "2888000",
"FtWEIGHT3" : "3003000",
"FtWEIGHT4" : "3188000",
"FtWEIGHT5" : "4731000",
"FtWEIGHT6" : "4781000",
"FtWEIGHT7" : "5049000",
"MAP" : "./resources/images/RTSB_Eastbound_EU-BALTIKUM-GUS.png",
"DETAILS" : "./resources/images/Details_bg.png",
},
{"LEVEL" : "2",
"expanded" : false,
"leaf" : true,
"CATEG" : "Basel => Petropavlovsk",
"ID" : "19",
"PARENT_ID" : "2",
"FtWEIGHT" : "1951000",
"FtWEIGHT2" : "2036000",
"FtWEIGHT3" : "2221000",
"FtWEIGHT4" : "2486000",
"FtWEIGHT5" : "3100000",
"FtWEIGHT6" : "3360000",
"FtWEIGHT7" : "3710000",
"MAP" : "./resources/images/RTSB_Eastbound_EU-BALTIKUM-GUS.png",
"DETAILS" : "./resources/images/Details_bg.png",
},

]},
{"LEVEL" : "1",
"expanded" : false,
"leaf" : false,
"CATEG" : "EU - China (rail transport)",
"ID" : "20",
"PARENT_ID" : "NULL",
"FtWEIGHT" : "",
"FtWEIGHT2" : "",
"FtWEIGHT3" : "",
"FtWEIGHT4" : "",
"FtWEIGHT5" : "",
"FtWEIGHT6" : "",
"FtWEIGHT7" : "",
"MAP" : "./resources/images/RTSB_Eastbound_EU-BALTIKUM-GUS.png",
"DETAILS" : "./resources/images/Details_bg.png",
"children" : [
{"LEVEL" : "2",
"expanded" : false,
"leaf" : true,
"CATEG" : "Duisburg => Chanhchun",
"ID" : "21",
"PARENT_ID" : "20",
"FtWEIGHT" : "3367000",
"FtWEIGHT2" : "3427000",
"FtWEIGHT3" : "3537000",
"FtWEIGHT4" : "3717000",
"FtWEIGHT5" : "4668000",
"FtWEIGHT6" : "4668000",
"FtWEIGHT7" : "4818000",
"MAP" : "./resources/images/RTSB_Eastbound_EU-BALTIKUM-GUS.png",
"DETAILS" : "./resources/images/Details_bg.png",
},
{"LEVEL" : "2",
"expanded" : false,
"leaf" : true,
"CATEG" : "Berlin => Chongqing",
"ID" : "22",
"PARENT_ID" : "20",
"FtWEIGHT" : "4157000",
"FtWEIGHT2" : "1497000",
"FtWEIGHT3" : "4257000",
"FtWEIGHT4" : "4357000",
"FtWEIGHT5" : "5598000",
"FtWEIGHT6" : "5618000",
"FtWEIGHT7" : "5763000",
"MAP" : "./resources/images/RTSB_Eastbound_EU-BALTIKUM-GUS.png",
"DETAILS" : "./resources/images/Details_bg.png",
},
{"LEVEL" : "2",
"expanded" : false,
"leaf" : true,
"CATEG" : "Munich => Shanghai",
"ID" : "23",
"PARENT_ID" : "20",
"FtWEIGHT" : "3959000",
"FtWEIGHT2" : "4014000",
"FtWEIGHT3" : "4234000",
"FtWEIGHT4" : "4384000",
"FtWEIGHT5" : "5830000",
"FtWEIGHT6" : "5885000",
"FtWEIGHT7" : "6095000",
"MAP" : "./resources/images/RTSB_Eastbound_EU-BALTIKUM-GUS.png",
"DETAILS" : "./resources/images/Details_bg.png",
},
{"LEVEL" : "2",
"expanded" : false,
"leaf" : true,
"CATEG" : "Kornwestheim => Xingang",
"ID" : "24",
"PARENT_ID" : "20",
"FtWEIGHT" : "3683000",
"FtWEIGHT2" : "3763000",
"FtWEIGHT3" : "3973000",
"FtWEIGHT4" : "4163000",
"FtWEIGHT5" : "5305000",
"FtWEIGHT6" : "5315000",
"FtWEIGHT7" : "5640000",
"MAP" : "./resources/images/RTSB_Eastbound_EU-BALTIKUM-GUS.png",
"DETAILS" : "./resources/images/Details_bg.png",
},
{"LEVEL" : "2",
"expanded" : false,
"leaf" : true,
"CATEG" : "Duisburg => Huangpu",
"ID" : "25",
"PARENT_ID" : "20",
"FtWEIGHT" : "4370000",
"FtWEIGHT2" : "4430000",
"FtWEIGHT3" : "4540000",
"FtWEIGHT4" : "4720000",
"FtWEIGHT5" : "6276000",
"FtWEIGHT6" : "6276000",
"FtWEIGHT7" : "6426000",
"MAP" : "./resources/images/RTSB_Eastbound_EU-BALTIKUM-GUS.png",
"DETAILS" : "./resources/images/Details_bg.png",
},
{"LEVEL" : "2",
"expanded" : false,
"leaf" : true,
"CATEG" : "Mannheim => Dalian",
"ID" : "26",
"PARENT_ID" : "20",
"FtWEIGHT" : "3534000",
"FtWEIGHT2" : "3594000",
"FtWEIGHT3" : "3704000",
"FtWEIGHT4" : "3884000",
"FtWEIGHT5" : "4893000",
"FtWEIGHT6" : "4893000",
"FtWEIGHT7" : "5043000",
"MAP" : "./resources/images/RTSB_Eastbound_EU-BALTIKUM-GUS.png",
"DETAILS" : "./resources/images/Details_bg.png",
},
{"LEVEL" : "2",
"expanded" : false,
"leaf" : true,
"CATEG" : "Basel => Tianjin",
"ID" : "27",
"PARENT_ID" : "20",
"FtWEIGHT" : "3503000",
"FtWEIGHT2" : "3588000",
"FtWEIGHT3" : "3773000",
"FtWEIGHT4" : "4038000",
"FtWEIGHT5" : "4965000",
"FtWEIGHT6" : "5225000",
"FtWEIGHT7" : "5575000",
"MAP" : "./resources/images/RTSB_Eastbound_EU-BALTIKUM-GUS.png",
"DETAILS" : "./resources/images/Details_bg.png",
},
{"LEVEL" : "2",
"expanded" : false,
"leaf" : true,
"CATEG" : "Hamburg => Quingdao",
"ID" : "28",
"PARENT_ID" : "20",
"FtWEIGHT" : "3641000",
"FtWEIGHT2" : "3721000",
"FtWEIGHT3" : "3836000",
"FtWEIGHT4" : "4021000",
"FtWEIGHT5" : "5254000",
"FtWEIGHT6" : "5304000",
"FtWEIGHT7" : "5574000",
"MAP" : "./resources/images/RTSB_Eastbound_EU-BALTIKUM-GUS.png",
"DETAILS" : "./resources/images/Details_bg.png",
},
{"LEVEL" : "2",
"expanded" : false,
"leaf" : true,
"CATEG" : "Berlin => Ningbo",
"ID" : "29",
"PARENT_ID" : "20",
"FtWEIGHT" : "3908000",
"FtWEIGHT2" : "3948000",
"FtWEIGHT3" : "4008000",
"FtWEIGHT4" : "4108000",
"FtWEIGHT5" : "5493000",
"FtWEIGHT6" : "5513000",
"FtWEIGHT7" : "5658000",
"MAP" : "./resources/images/RTSB_Eastbound_EU-BALTIKUM-GUS.png",
"DETAILS" : "./resources/images/Details_bg.png",
},
{"LEVEL" : "2",
"expanded" : false,
"leaf" : true,
"CATEG" : "Munch => Xiamen",
"ID" : "30",
"PARENT_ID" : "20",
"FtWEIGHT" : "4238000",
"FtWEIGHT2" : "4293000",
"FtWEIGHT3" : "4513000",
"FtWEIGHT4" : "4663000",
"FtWEIGHT5" : "6296000",
"FtWEIGHT6" : "6351000",
"FtWEIGHT7" : "6561000",
"MAP" : "./resources/images/RTSB_Eastbound_EU-BALTIKUM-GUS.png",
"DETAILS" : "./resources/images/Details_bg.png",
},
{"LEVEL" : "2",
"expanded" : false,
"leaf" : true,
"CATEG" : "Frankfurt => Fuzhou",
"ID" : "31",
"PARENT_ID" : "20",
"FtWEIGHT" : "4302000",
"FtWEIGHT2" : "4387000",
"FtWEIGHT3" : "4572000",
"FtWEIGHT4" : "4752000",
"FtWEIGHT5" : "6367000",
"FtWEIGHT6" : "6437000",
"FtWEIGHT7" : "6647000",
"MAP" : "./resources/images/RTSB_Eastbound_EU-BALTIKUM-GUS.png",
"DETAILS" : "./resources/images/Details_bg.png",
}
]},

],"text":"."}
